CuratorAtExhibitionId, SalaryForCurator, CuratorId, ExhibitionId
1,39809,9125,359
2,70708,9692,330
3,65111,13654,307
4,19793,13639,189
5,13872,13779,134
6,74597,3180,354
7,39182,7985,164
8,58670,19403,351
9,46812,17382,355
10,25921,3673,249
11,19742,14082,137
12,80515,5072,306
13,34304,8840,330
14,70439,10313,255
15,60200,19494,154
16,88807,1567,216
17,46638,6720,207
18,27435,19067,61
19,18818,7135,279
20,88740,957,202
21,45777,13585,59
22,19638,3146,370
23,73475,13945,266
24,62475,17254,384
25,80141,8161,46
26,93114,3299,222
27,52561,12882,135
28,68103,3032,193
29,35494,10154,34
30,76310,4056,246
31,46384,10481,16
32,64608,9168,298
33,68903,10124,360
34,56716,3434,50
35,73437,17650,353
36,87020,6835,270
37,84312,3861,5
38,37853,6063,57
39,84766,14553,269
40,28011,100,147
41,33758,5415,38
42,6921,19658,299
43,95899,2586,308
44,35558,1271,314
45,92505,3042,300
46,2867,14020,227
47,19449,11186,46
48,78471,4402,58
49,79853,9425,93
50,9616,5615,70
51,15681,12483,395
52,98996,14008,213
53,70414,1210,157
54,71473,559,324
55,20909,718,45
56,18695,5212,169
57,26717,527,59
58,3529,10557,384
59,44608,4337,124
60,35221,4731,58
61,22019,139,359
62,3789,19773,189
63,54715,9481,268
64,15220,15946,159
65,26671,2161,198
66,7176,1253,111
67,57299,4843,150
68,49883,872,295
69,52360,11994,6
70,43420,18895,340
71,13276,98,191
72,28403,3711,124
73,26796,6255,15
74,74626,10864,118
75,15485,9139,274
76,55099,8170,182
77,66554,12868,368
78,87070,12983,148
79,85063,4646,247
80,1330,9660,209
81,14797,4147,13
82,14452,315,290
83,69181,9608,110
84,50586,7627,325
85,83405,414,368
86,37899,18125,390
87,54308,965,177
88,2061,9414,302
89,74156,15124,189
90,57751,16382,331
91,84685,4961,267
92,43266,10250,117
93,66491,7119,130
94,85446,16772,193
95,60088,17744,54
96,76324,2725,183
97,49064,11138,114
98,95197,6703,198
99,75602,916,205
100,99436,18794,294
101,56648,18164,307
102,26266,1830,290
103,37325,1171,157
104,5102,12244,209
105,54819,10392,194
106,84636,1200,326
107,1628,3806,62
108,75958,17177,266
109,40845,2726,103
110,72528,8224,317
111,72477,5131,51
112,9009,17305,179
113,6199,10337,304
114,67638,14824,275
115,16835,2140,287
116,50357,6165,14
117,62688,15866,296
118,37310,11398,175
119,56819,17966,227
120,98767,8098,271
121,6375,5047,285
122,95569,11014,322
123,72167,18810,75
124,95992,14075,180
125,26002,4482,34
126,80460,8462,366
127,6990,16641,321
128,58546,19368,348
129,76940,5258,18
130,96205,18152,98
131,91115,10715,19
132,82031,1533,24
133,52941,17006,76
134,80564,13278,55
135,88316,7756,291
136,75795,18087,294
137,6633,8134,308
138,16022,17548,85
139,86432,17712,156
140,75635,5870,144
141,2092,3632,220
142,66478,3209,253
143,7963,9635,301
144,83127,1221,376
145,60855,4269,326
146,97256,5811,275
147,48598,5941,399
148,18760,2208,142
149,96966,7633,115
150,77776,8733,173
151,32293,7303,51
152,17762,11863,201
153,11677,5063,165
154,61594,17066,285
155,32266,13619,296
156,75244,19626,119
157,65409,2044,149
158,43501,5911,39
159,28785,13530,81
160,24614,2005,57
161,5298,305,256
162,26102,1518,336
163,66954,2507,369
164,82939,7148,74
165,94989,4197,209
166,24320,7503,239
167,48754,9987,234
168,93450,15810,190
169,54714,4046,313
170,95415,6234,348
171,15075,9256,175
172,91099,3663,32
173,21033,4098,176
174,13499,16121,289
175,89920,8970,145
176,36445,11615,273
177,72962,17999,194
178,47214,15472,268
179,12369,8442,69
180,81388,5153,67
181,73111,12646,256
182,90837,4855,271
183,69293,12376,79
184,84916,3139,157
185,26346,7974,375
186,91535,15097,286
187,16524,16504,140
188,98749,3619,299
189,70459,5424,180
190,59519,8584,67
191,32598,1685,288
192,76556,5749,157
193,72732,2263,117
194,68940,860,18
195,78560,11952,308
196,19633,17782,51
197,39391,13048,312
198,87186,18252,393
199,96306,7224,48
200,21507,15896,261
201,78236,9842,235
202,10696,230,76
203,85228,18187,264
204,43187,14845,8
205,91019,10348,385
206,23945,14792,369
207,61743,14552,266
208,89022,3409,17
209,77914,571,208
210,46494,19374,97
211,94725,4576,289
212,95424,6340,167
213,89259,14240,15
214,29956,9018,159
215,11825,4624,373
216,67310,16101,76
217,46448,17430,139
218,40944,1035,39
219,2495,6683,201
220,49866,3430,305
221,58474,8492,6
222,77132,12703,9
223,61643,10919,257
224,82034,13378,172
225,81450,15672,20
226,36129,15767,260
227,7314,4015,309
228,39123,2188,50
229,18266,18402,203
230,39047,4833,186
231,55269,13597,123
232,34180,12410,133
233,97781,4221,385
234,31444,19430,281
235,65574,19984,163
236,96479,9026,399
237,62217,12419,245
238,59945,14163,382
239,52804,10346,97
240,52813,5976,90
241,34828,12502,196
242,19528,16516,210
243,80545,16499,265
244,28486,18180,135
245,9740,8436,354
246,46436,16782,201
247,30610,4293,294
248,11083,11709,261
249,28566,18441,43
250,93341,4069,391
251,97833,11020,254
252,13992,19854,73
253,10268,15813,386
254,5289,1949,357
255,41810,13904,135
256,84642,2572,93
257,57521,10890,385
258,22062,13257,380
259,43357,1163,141
260,39625,14653,194
261,75647,13836,106
262,46348,17325,56
263,30781,8283,66
264,66406,5791,398
265,94511,1973,58
266,88016,8962,47
267,62081,331,392
268,24476,8247,229
269,64811,15874,61
270,4352,13025,162
271,8418,7,50
272,34976,16742,31
273,68597,1028,86
274,57463,14374,93
275,49757,7523,296
276,97418,2690,54
277,70134,9154,130
278,99255,6280,43
279,12470,3575,13
280,95523,9653,348
281,52533,307,191
282,9523,17924,56
283,2703,6561,304
284,71466,13034,349
285,11573,8786,253
286,46194,14477,96
287,27307,14483,126
288,34983,11890,254
289,6606,14786,111
290,88576,3131,152
291,89492,14411,178
292,79595,315,354
293,15236,4063,257
294,51427,14395,276
295,81098,9762,41
296,74037,11820,141
297,68770,5374,398
298,45763,16178,266
299,45594,2333,75
300,86904,9714,157
301,31341,568,242
302,2677,7580,189
303,13925,8485,324
304,46701,18550,322
305,66613,3268,177
306,8179,15970,295
307,98804,7185,201
308,54633,14027,70
309,71322,16587,213
310,88538,19270,173
311,45731,11390,354
312,49148,5927,285
313,29954,5475,119
314,44577,1627,62
315,55902,3329,147
316,61525,14143,355
317,27781,724,368
318,79038,12831,385
319,32648,16132,250
320,56676,186,336
321,24419,2158,302
322,56322,17172,67
323,93723,5296,249
324,88908,6298,130
325,54204,14987,76
326,59950,13152,171
327,11325,15199,103
328,20399,19081,183
329,644,11445,395
330,98973,4735,345
331,1650,2986,143
332,57072,18988,16
333,46051,869,133
334,74022,18623,9
335,50585,9817,254
336,14440,15013,148
337,47066,6980,400
338,97285,14860,350
339,81835,17045,267
340,43112,1003,334
341,64230,4959,77
342,35844,14254,309
343,11865,1696,312
344,96679,3269,96
345,25578,14742,251
346,88221,3605,43
347,28526,12040,231
348,22464,4263,294
349,62431,2080,32
350,39791,3675,177
351,11753,13252,203
352,70011,4089,145
353,62885,14881,80
354,38704,1524,116
355,56976,4275,266
356,76687,3634,84
357,19501,10987,371
358,1757,12868,93
359,16339,16652,373
360,30126,74,230
361,67459,17503,235
362,49672,5062,124
363,60493,17818,164
364,91722,670,392
365,90704,15458,91
366,5731,4499,265
367,62283,3136,357
368,57281,10773,139
369,67063,1420,163
370,66187,3731,58
371,15878,6661,189
372,15391,7203,227
373,98706,1078,333
374,56188,16657,157
375,99076,12132,151
376,50291,13411,384
377,94843,8518,303
378,97591,12114,296
379,20007,17973,81
380,64157,16828,190
381,76028,8787,243
382,85089,17238,24
383,24039,18498,350
384,86925,429,295
385,65632,11430,328
386,62372,12682,209
387,70254,6601,221
388,43228,10786,253
389,54029,14529,222
390,8668,10117,65
391,62408,12141,284
392,62196,17079,352
393,62338,2837,273
394,603,8245,245
395,88333,6039,178
396,63592,14424,73
397,69922,10264,272
398,78729,10048,38
399,32509,2094,396
400,16391,99,350
401,50385,16457,346
402,8984,18079,349
403,41976,13481,393
404,61695,11255,98
405,77904,12463,353
406,399,6561,348
407,91222,473,5
408,46820,17881,87
409,15930,6889,22
410,98387,8586,26
411,6537,8790,297
412,63569,2572,158
413,23228,17174,142
414,51598,8273,52
415,33026,4904,162
416,5639,11200,252
417,7426,11566,193
418,66641,12378,296
419,14654,9603,145
420,43810,7008,283
421,16406,4062,183
422,52479,18585,70
423,29891,19003,251
424,63303,5370,395
425,7551,4379,236
426,2197,17872,390
427,89748,13565,367
428,7814,14930,183
429,20569,53,36
430,1547,8663,318
431,20774,10525,383
432,23743,4770,29
433,71854,18687,122
434,27203,11432,27
435,97439,11804,111
436,55169,10630,185
437,92707,10066,32
438,70876,10100,36
439,16023,10019,123
440,37171,3386,369
441,68466,18026,197
442,34688,10190,104
443,76098,14069,299
444,91000,2748,63
445,73408,2962,158
446,62643,4168,267
447,15703,16998,154
448,76312,6799,168
449,47808,9403,314
450,31124,12651,219
451,93869,7988,277
452,68991,822,88
453,55758,4360,92
454,77693,3130,334
455,1891,15138,100
456,10078,2540,290
457,55889,15884,237
458,74777,11746,373
459,69341,8016,218
460,15473,16267,293
461,87410,9489,128
462,28313,6893,12
463,74181,16374,233
464,82632,16238,166
465,29609,10860,200
466,71908,954,376
467,69122,9745,213
468,87159,16074,261
469,95901,7835,373
470,50787,14485,290
471,80763,13728,112
472,85926,582,27
473,1265,18485,79
474,24493,14948,34
475,2915,8049,212
476,82630,169,211
477,56681,317,60
478,97510,5491,350
479,35941,13469,322
480,10004,12157,305
481,58611,409,92
482,77569,11119,319
483,53215,5371,281
484,4614,69,354
485,64937,413,372
486,63353,9732,125
487,45824,14472,288
488,64336,2737,148
489,33686,10133,185
490,54396,2884,200
491,79208,16077,125
492,88363,16765,355
493,92569,11915,327
494,84101,19184,353
495,95468,13419,364
496,66107,13669,282
497,69454,3540,267
498,71971,17344,266
499,52702,7536,169
500,75086,12909,28
501,24414,18618,14
502,68656,16137,175
503,32269,4498,273
504,84618,4273,312
505,33800,16988,60
506,52830,13650,330
507,31381,17957,90
508,53654,4086,111
509,58802,18584,389
510,71528,7625,237
511,11414,6583,341
512,36092,17640,11
513,64387,19355,306
514,34950,8532,22
515,85254,10944,229
516,97586,13904,284
517,46024,432,336
518,45034,18882,190
519,52568,6183,136
520,64582,6125,64
521,79190,19840,297
522,7425,4699,196
523,32743,5008,129
524,88338,14032,89
525,93223,3327,139
526,78782,16501,5
527,54303,5780,247
528,6371,4195,326
529,40389,6989,195
530,27992,6713,363
531,56624,10951,348
532,48550,11319,317
533,27066,2202,335
534,8339,15105,282
535,4835,8846,132
536,18189,77,312
537,7435,19148,279
538,81161,11070,103
539,28603,19288,98
540,71114,2950,346
541,51692,1795,322
542,41688,14932,274
543,29918,15905,166
544,2509,14194,317
545,52038,12708,262
546,19306,8696,94
547,92837,263,307
548,79854,10462,57
549,71216,6238,137
550,84463,8602,17
551,26284,4732,252
552,99967,8823,231
553,10595,1577,110
554,1520,9006,306
555,60787,15023,189
556,51712,17096,176
557,81268,13677,54
558,83368,14889,198
559,41982,16469,104
560,20757,13217,91
561,86044,8449,245
562,95094,12349,238
563,4588,7744,81
564,13676,650,273
565,36604,2175,372
566,1063,432,234
567,13813,12866,353
568,66101,19297,319
569,38238,12765,316
570,92816,1831,141
571,53402,9113,127
572,25014,19929,45
573,71275,18904,227
574,48397,16067,83
575,97089,18027,396
576,3751,7265,81
577,26908,5450,158
578,59702,4068,245
579,52944,11217,168
580,17613,5982,237
581,29601,11223,242
582,14834,12256,107
583,26923,13822,115
584,66969,9232,200
585,63498,5690,349
586,63024,8937,394
587,48206,119,297
588,28974,982,47
589,94470,3346,324
590,94062,7740,61
591,13654,11319,121
592,42018,9090,398
593,16907,18255,142
594,5419,12545,116
595,32574,1321,218
596,32880,13649,270
597,43053,14635,265
598,70003,6970,57
599,657,9968,335
600,91053,7251,119
601,35564,9519,216
602,74765,13760,148
603,69623,19756,329
604,826,14047,120
605,36085,8360,307
606,79619,12800,317
607,78685,19865,102
608,60330,8045,56
609,86262,6767,370
610,5745,15576,262
611,97967,7266,67
612,89856,17617,231
613,39554,5163,144
614,83209,8016,31
615,28297,881,360
616,38897,4687,262
617,63371,17482,261
618,95422,16285,179
619,96787,8450,391
620,5695,10388,365
621,32071,6191,344
622,19940,5314,137
623,61014,15720,399
624,39135,19864,259
625,39809,865,4
626,94884,15582,12
627,49223,17468,334
628,87828,6397,182
629,50343,15439,190
630,49141,12443,306
631,37683,12663,117
632,16563,6801,125
633,13195,16322,324
634,92559,10647,245
635,37855,16983,297
636,89301,18457,173
637,21196,13305,248
638,82656,16597,371
639,8916,8513,101
640,69495,17886,97
641,48789,16811,88
642,48839,10872,141
643,67589,16423,220
644,57930,17181,173
645,25069,19987,150
646,324,11490,270
647,81551,14762,116
648,86926,14087,5
649,26360,14712,53
650,86230,15981,344
651,43658,13788,158
652,73799,3515,70
653,32423,10612,62
654,37917,4628,244
655,49811,6338,106
656,56383,6747,227
657,36108,932,119
658,27111,13568,336
659,49559,9460,396
660,32129,19711,191
661,34955,12562,10
662,65951,17244,170
663,5144,1490,60
664,46774,7921,305
665,77700,11407,225
666,42659,11411,112
667,96965,17447,42
668,61850,15812,353
669,54067,8265,344
670,69131,3744,345
671,74809,10039,318
672,27843,4207,104
673,49776,11223,86
674,41847,6696,286
675,10892,10504,58
676,1390,1956,351
677,3145,19666,118
678,29412,4069,243
679,66541,6873,41
680,11575,13382,44
681,55090,4641,335
682,99782,1690,16
683,51203,11089,281
684,83817,8141,99
685,54790,16300,121
686,75586,8161,55
687,36721,5617,297
688,95728,16823,244
689,94835,4148,76
690,8989,14861,259
691,25284,10329,96
692,13331,10674,300
693,73869,7341,135
694,82838,8547,30
695,99775,9795,97
696,85846,18269,26
697,69607,7823,89
698,87987,10500,369
699,95153,13091,395
700,83288,4933,313
701,57077,9466,277
702,81694,10579,378
703,46339,8853,203
704,39445,2728,19
705,2963,250,361
706,63390,13493,195
707,54931,12537,86
708,44928,11987,128
709,80873,19667,16
710,55257,12738,160
711,3878,15252,279
712,85236,1978,5
713,75317,5496,67
714,29848,5270,318
715,95981,8199,377
716,44914,6782,321
717,62109,9868,265
718,48493,11732,261
719,71069,13312,105
720,63427,6161,99
721,50562,10847,380
722,59428,18573,372
723,22902,7597,326
724,95517,2299,301
725,8231,5684,241
726,24048,7323,291
727,98353,7746,290
728,45026,10235,239
729,48749,10924,82
730,95474,10053,8
731,57172,2753,222
732,16690,7503,189
733,54518,1442,5
734,52390,9292,44
735,47466,14652,321
736,75202,17044,374
737,32414,49,249
738,41862,4470,132
739,75502,18487,357
740,69708,14729,98
741,2465,12673,238
742,19010,6030,340
743,98733,15857,49
744,96444,13241,391
745,97217,8796,9
746,28306,4676,398
747,68945,8366,327
748,53024,2062,189
749,62197,18961,276
750,83181,14383,174
751,12286,7250,18
752,23015,5845,395
753,6310,6017,62
754,91762,4993,369
755,54440,4369,160
756,45770,9437,43
757,62123,6562,378
758,81018,8523,126
759,95380,9989,167
760,57328,15210,141
761,67871,2854,168
762,31343,2591,299
763,22722,14520,104
764,53555,12177,152
765,56184,1251,386
766,65535,4609,275
767,52551,14872,312
768,27531,13277,396
769,93105,11227,164
770,11277,13540,250
771,22741,7982,177
772,48244,1525,171
773,21914,6731,287
774,39942,11472,3
775,40787,10321,30
776,76295,2935,323
777,86149,17621,98
778,2027,8224,117
779,60229,5328,223
780,82277,17275,22
781,88870,19583,308
782,71962,18877,296
783,24061,1576,244
784,38832,6421,311
785,11895,11096,23
786,81638,19554,206
787,90967,12420,215
788,33670,11228,282
789,71498,13384,219
790,23487,6807,383
791,92493,13042,388
792,95262,9844,301
793,37186,6384,86
794,16723,1231,107
795,13143,376,289
796,67347,10732,229
797,41784,12550,319
798,98403,9116,43
799,46183,17423,307
800,1684,552,123
801,81370,3040,8
802,86974,10008,230
803,71426,19390,184
804,50401,19393,232
805,92539,9329,60
806,13396,17217,100
807,1422,3305,134
808,11404,15814,130
809,904,16635,227
810,52423,15103,63
811,13282,12339,389
812,30854,2497,70
813,59050,15770,144
814,15746,14830,394
815,30964,11577,115
816,450,17747,220
817,72732,6015,395
818,24228,10543,380
819,29621,15116,212
820,83694,17656,187
821,55947,9436,354
822,87405,18639,296
823,10335,11465,209
824,93866,99,21
825,28394,13973,390
826,23224,17608,344
827,84201,19729,179
828,66247,12823,279
829,30538,12044,255
830,55201,19424,91
831,31432,18730,123
832,62406,6202,323
833,53416,2649,24
834,81226,8912,127
835,92806,15264,131
836,40365,6759,32
837,17474,4285,215
838,65840,18037,93
839,28788,12947,201
840,10834,11301,130
841,85204,1053,37
842,69050,17575,137
843,30239,9866,80
844,68250,11113,196
845,39008,19744,272
846,5733,12729,307
847,77120,5082,341
848,76932,1977,3
849,80598,17328,311
850,92119,19187,86
851,28930,6713,400
852,74796,16128,169
853,50582,9500,213
854,7149,18251,397
855,49432,382,261
856,29169,16663,34
857,40325,4521,97
858,45522,13465,61
859,73834,2951,167
860,73714,19621,326
861,55382,615,396
862,76998,5507,103
863,77373,12430,153
864,51707,916,116
865,38831,13251,357
866,76230,6801,302
867,25959,1077,143
868,68411,12884,241
869,52238,5330,162
870,73194,19417,330
871,6414,11630,286
872,19913,1506,96
873,88381,5849,120
874,85796,13570,315
875,30333,422,103
876,56847,15145,308
877,95674,521,238
878,74466,9137,210
879,75548,11295,188
880,75534,11759,305
881,27058,3957,45
882,6654,1478,333
883,55663,9149,211
884,68106,2708,393
885,76811,10106,199
886,80108,17711,162
887,29284,2048,261
888,37682,14039,116
889,76569,1700,374
890,34787,6898,54
891,31020,17399,207
892,29885,9331,312
893,42509,4296,221
894,31052,2958,118
895,83120,14283,318
896,23596,1801,345
897,44433,17842,396
898,45546,13953,393
899,11917,14274,158
900,33333,19392,305
901,10852,17637,81
902,87850,12399,14
903,17347,15935,393
904,32520,18431,152
905,81841,11581,333
906,75695,16685,385
907,68275,15316,382
908,84945,4400,53
909,20245,12614,329
910,76265,11985,289
911,53327,6984,211
912,74507,10107,83
913,64370,14785,126
914,43531,6142,368
915,3540,12408,68
916,44617,13719,314
917,89226,17623,116
918,73141,8249,335
919,24954,18826,210
920,75719,13074,75
921,92030,14858,262
922,62689,929,109
923,70443,12397,148
924,55139,6435,265
925,69215,6627,80
926,49654,7832,316
927,65814,19911,293
928,53924,13460,83
929,4347,8580,206
930,63063,17838,221
931,89843,5606,51
932,50053,16436,347
933,7926,15781,151
934,55385,11446,273
935,82440,19133,215
936,97548,10067,157
937,51006,14766,107
938,57046,3348,140
939,46612,15656,305
940,61312,1785,334
941,61836,12776,357
942,76685,18926,390
943,39082,16809,257
944,83689,11065,279
945,58698,5368,115
946,6354,9484,292
947,48840,13199,52
948,78393,1921,316
949,60003,16279,391
950,97389,18333,233
951,70064,10215,257
952,47024,5799,25
953,39276,17165,229
954,41400,16781,251
955,42424,5274,203
956,31226,15659,25
957,8017,4952,176
958,56706,16768,51
959,32008,17506,303
960,9657,9765,25
961,13908,14967,132
962,66122,6506,317
963,72501,11404,159
964,75479,5885,255
965,15918,13411,186
966,37041,12343,204
967,95539,5796,44
968,36514,15918,28
969,92550,17720,209
970,97730,19278,25
971,69505,13227,298
972,63027,9038,267
973,3095,13915,400
974,23044,11381,134
975,32815,15057,143
976,11962,5434,316
977,15142,15253,90
978,34625,13544,80
979,1824,3333,73
980,83279,10095,202
981,60441,7043,127
982,12400,15565,364
983,14537,2589,227
984,92873,4561,372
985,74383,12983,165
986,5621,10783,119
987,33092,18861,241
988,59383,19226,226
989,97428,1057,393
990,27036,8353,374
991,31948,17418,358
992,89115,8853,107
993,83265,8047,213
994,98060,5433,72
995,9889,1935,179
996,65976,15898,155
997,6026,19326,380
998,54221,16592,356
999,17508,19376,327
1000,99842,969,86
1001,98055,13560,152
1002,45256,2542,79
1003,14769,485,389
1004,10626,11491,368
1005,29377,4332,106
1006,33218,3055,313
1007,37240,15926,336
1008,53513,14252,35
1009,1440,6107,313
1010,46125,8717,238
1011,36154,7093,101
1012,76758,12591,362
1013,54775,16445,19
1014,23070,14692,58
1015,43166,19026,27
1016,19466,16341,248
1017,25200,18691,318
1018,83075,17313,299
1019,2373,16477,354
1020,1531,2033,329
1021,8212,1257,9
1022,64136,13780,391
1023,42608,19434,249
1024,95482,11476,79
1025,82797,13829,351
1026,6084,8108,14
1027,93412,984,22
1028,10833,3240,381
1029,70659,12474,237
1030,69028,10729,93
1031,36479,19151,202
1032,16242,2705,98
1033,42914,15354,342
1034,9180,8160,102
1035,26826,1327,85
1036,11502,9751,359
1037,72085,5085,393
1038,96797,3155,88
1039,42956,7604,191
1040,49362,1304,270
1041,54201,2960,164
1042,81169,13154,161
1043,88023,2572,82
1044,60355,4612,209
1045,38528,3164,287
1046,72368,9491,110
1047,88075,5716,262
1048,33366,6432,243
1049,25913,13425,152
1050,25310,1543,228
1051,2155,8697,293
1052,45258,15618,131
1053,90246,7264,384
1054,27914,1472,270
1055,2987,15941,281
1056,47802,19816,356
1057,38704,3841,23
1058,68723,12210,90
1059,73335,18281,100
1060,3042,2915,330
1061,28209,8536,345
1062,67166,2214,211
1063,40438,10119,188
1064,63254,15247,188
1065,32143,189,287
1066,20162,10192,363
1067,69957,17108,55
1068,57132,6359,351
1069,46434,15831,214
1070,36979,5720,22
1071,50651,5894,66
1072,76098,5827,282
1073,58225,3495,382
1074,97992,1325,117
1075,16273,4298,34
1076,94734,7776,97
1077,70401,8673,340
1078,46256,16888,110
1079,37836,13349,264
1080,2427,15253,65
1081,44742,15895,184
1082,80626,10208,368
1083,36453,18781,175
1084,3480,489,194
1085,15448,4789,193
1086,34997,807,5
1087,77505,8172,163
1088,72798,9612,362
1089,2588,19458,49
1090,16387,9209,376
1091,54414,18515,378
1092,93893,1766,85
1093,41578,8,215
1094,49690,9160,264
1095,95503,19785,381
1096,31021,4484,254
1097,57611,4775,97
1098,46667,1459,343
1099,90768,15820,11
1100,12757,4488,365
1101,97967,3370,249
1102,57446,2473,181
1103,80121,17076,338
1104,4817,12172,164
1105,76169,10603,54
1106,62931,14264,1
1107,16450,19583,374
1108,18424,16486,176
1109,75426,2479,72
1110,14039,1502,153
1111,9091,14105,127
1112,40330,17867,111
1113,36459,2858,351
1114,71257,17669,344
1115,517,7445,318
1116,17706,897,162
1117,96873,13450,190
1118,42441,2328,85
1119,52586,16269,309
1120,52132,15770,96
1121,93092,7485,71
1122,815,7148,123
1123,55134,16539,240
1124,61606,4939,174
1125,72982,8471,180
1126,80190,15287,188
1127,91978,6106,187
1128,17785,16221,320
1129,84660,14187,254
1130,83248,9318,316
1131,49161,6650,351
1132,24541,2909,47
1133,38489,3596,77
1134,27031,12587,341
1135,70880,18496,153
1136,37616,1266,138
1137,83405,10022,14
1138,57021,5630,86
1139,46446,51,22
1140,57321,8678,69
1141,37734,8858,155
1142,5928,542,327
1143,91308,7312,336
1144,28519,13125,354
1145,26891,4162,44
1146,29480,19382,282
1147,65838,4321,193
1148,14042,12932,320
1149,60837,16789,280
1150,41788,7557,152
1151,39047,10372,52
1152,10397,13715,285
1153,67348,10611,58
1154,34222,9853,244
1155,60086,3493,352
1156,62719,10827,51
1157,5412,8515,46
1158,48047,5781,38
1159,52227,4407,124
1160,19648,4422,153
1161,97274,16136,352
1162,53623,17859,299
1163,2076,13767,17
1164,40684,1664,110
1165,49904,1900,204
1166,9379,13007,179
1167,39258,19684,309
1168,57209,13220,316
1169,32678,5557,201
1170,51899,3133,211
1171,2853,6754,347
1172,44221,7969,341
1173,24240,65,5
1174,90184,9641,246
1175,73934,6549,312
1176,7827,11558,146
1177,96212,14372,102
1178,88566,14145,377
1179,28129,7207,252
1180,97171,4877,289
1181,58026,7094,338
1182,32978,18568,96
1183,26887,4647,366
1184,38762,15455,230
1185,33134,4775,362
1186,13945,8020,259
1187,59598,13040,208
1188,22929,17028,307
1189,46622,4166,337
1190,47106,19407,264
1191,86022,6291,185
1192,36000,1012,161
1193,20697,17810,317
1194,612,9380,79
1195,43551,18400,39
1196,88601,5892,211
1197,61306,8575,136
1198,44002,19876,239
1199,73479,8133,177
1200,68165,14777,60
1201,48240,4121,247
1202,48040,16236,277
1203,2815,864,333
1204,58757,15360,334
1205,83474,6674,354
1206,77598,13934,392
1207,64090,1805,301
1208,41887,4011,2
1209,3672,2008,393
1210,47532,19166,219
1211,9873,8848,4
1212,40685,8679,292
1213,31014,19403,24
1214,37637,2036,187
1215,49472,9156,128
1216,13750,12355,10
1217,86393,972,186
1218,12752,9381,222
1219,90957,4299,359
1220,62710,15079,341
1221,34607,17451,348
1222,19721,1433,215
1223,89012,8906,220
1224,52320,18827,131
1225,56781,5897,124
1226,28600,12561,332
1227,39830,3273,76
1228,25920,15154,281
1229,41606,17656,26
1230,29449,16227,165
1231,95438,17450,90
1232,18697,7515,341
1233,50465,11881,11
1234,11528,5964,321
1235,62807,16360,49
1236,12491,3914,121
1237,64033,6629,249
1238,89194,19538,391
1239,79035,6298,4
1240,16405,16763,286
1241,22151,15929,179
1242,99532,15821,47
1243,11400,13780,65
1244,81032,12323,289
1245,12368,17037,158
1246,27207,11119,305
1247,36957,3610,363
1248,60471,4742,191
1249,5211,1396,196
1250,15242,16477,324
1251,32281,13536,338
1252,96947,10900,399
1253,20893,10467,65
1254,66318,519,188
1255,25105,3440,95
1256,45201,10433,106
1257,22457,12303,264
1258,74460,6714,326
1259,3272,19989,206
1260,75407,2683,271
1261,8812,4151,350
1262,58304,8561,102
1263,75008,18347,184
1264,66641,18327,348
1265,42749,8113,29
1266,30167,7667,97
1267,21531,4460,93
1268,61285,6282,350
1269,81416,2667,303
1270,10082,1875,332
1271,83398,18711,33
1272,35301,17940,160
1273,94637,105,74
1274,55260,4269,225
1275,46940,14929,45
1276,39489,10826,106
1277,17179,13105,400
1278,51683,2135,32
1279,17315,9219,376
1280,25673,10365,165
1281,83220,14013,307
1282,6032,7472,136
1283,57847,12457,354
1284,27378,19435,172
1285,45784,10415,192
1286,69853,8406,123
1287,88492,3596,370
1288,19400,6013,131
1289,13509,2814,269
1290,30219,18955,315
1291,64051,15685,29
1292,81638,12477,254
1293,64155,2045,186
1294,30646,17727,370
1295,64233,9816,207
1296,8321,701,372
1297,18825,3882,371
1298,23867,897,314
1299,36294,2780,214
1300,30089,15755,121
1301,22769,2660,222
1302,21503,6423,307
1303,48884,16607,338
1304,35411,15513,376
1305,33511,11659,400
1306,71632,3586,67
1307,10515,9630,117
1308,89712,19133,39
1309,19170,2111,26
1310,56081,4240,118
1311,15193,13997,64
1312,14269,17816,4
1313,7952,11754,374
1314,65762,5753,12
1315,45789,10145,398
1316,40682,12868,244
1317,19812,18364,294
1318,40637,10771,200
1319,51544,9247,370
1320,10140,7174,400
1321,55235,9301,48
1322,77254,16266,253
1323,16075,12464,387
1324,15928,16339,84
1325,32612,8165,34
1326,50852,222,224
1327,29843,1194,86
1328,27542,9428,367
1329,45204,2028,234
1330,24697,4593,189
1331,17080,17115,298
1332,99978,17867,277
1333,39206,13609,264
1334,76718,15032,178
1335,44135,9534,1
1336,24264,7709,26
1337,57012,1410,202
1338,42264,671,207
1339,38788,8490,55
1340,84020,466,260
1341,3441,16102,47
1342,74356,12296,255
1343,71017,5308,394
1344,57604,6246,244
1345,75956,11398,28
1346,77548,18881,338
1347,43588,13349,274
1348,86339,17272,360
1349,62794,9995,141
1350,38216,3727,159
1351,8554,9138,37
1352,35117,9244,368
1353,75365,15824,67
1354,20539,2883,300
1355,86529,19236,338
1356,47363,3721,254
1357,98249,15645,244
1358,94904,4012,190
1359,87220,10277,248
1360,69314,1894,395
1361,76477,8776,7
1362,29627,8461,136
1363,51444,10347,164
1364,66559,14852,354
1365,74351,4089,239
1366,33872,18067,106
1367,2856,19201,65
1368,62706,19204,170
1369,56968,11846,162
1370,61369,10557,261
1371,45970,294,396
1372,1544,7794,125
1373,80221,11546,219
1374,16792,15703,134
1375,64117,3588,108
1376,61275,222,389
1377,27012,9594,293
1378,81860,11456,208
1379,28973,10109,276
1380,80524,7013,199
1381,63330,15873,48
1382,61147,12020,213
1383,80997,17400,285
1384,7910,6275,151
1385,98280,19187,38
1386,73458,3208,121
1387,61280,6909,53
1388,39847,6376,16
1389,6004,11935,361
1390,71569,7987,39
1391,77076,18418,266
1392,69517,19822,97
1393,26984,14103,153
1394,27487,14556,236
1395,19856,18568,113
1396,39271,18334,278
1397,53916,10162,80
1398,95780,2587,377
1399,69928,15485,359
1400,47384,4214,134
1401,96817,4754,373
1402,71770,13018,99
1403,58332,19714,215
1404,31787,3871,333
1405,91500,8632,317
1406,66992,421,172
1407,99838,396,6
1408,65500,11711,124
1409,50319,5301,240
1410,67152,10381,231
1411,87577,1802,390
1412,27672,6848,321
1413,72397,6466,206
1414,76770,16263,172
1415,83383,7357,368
1416,55497,10093,143
1417,63860,13106,268
1418,83539,8123,336
1419,69268,1646,345
1420,63510,19565,79
1421,78759,19031,214
1422,35080,12415,63
1423,53594,5809,192
1424,58757,17417,179
1425,95308,6685,59
1426,16310,2651,387
1427,46970,19152,196
1428,37866,2714,252
1429,34939,19129,52
1430,83413,16931,68
1431,98757,19754,363
1432,14528,6358,215
1433,99199,17629,142
1434,78534,9791,118
1435,88095,88,151
1436,53292,9966,58
1437,37620,12434,379
1438,64459,2214,3
1439,31084,7693,8
1440,22376,8919,358
1441,14625,11500,173
1442,27099,10612,393
1443,65707,15454,91
1444,59801,1996,282
1445,63720,815,363
1446,94916,16081,91
1447,45013,5682,192
1448,63873,5775,157
1449,96324,746,133
1450,68931,8686,250
1451,65602,4949,40
1452,29038,6235,39
1453,82219,9767,94
1454,77753,1472,115
1455,65830,13358,30
1456,65789,1534,333
1457,45450,16288,66
1458,91143,17219,221
1459,2364,18186,319
1460,80645,12865,129
1461,30889,6705,172
1462,69548,9282,338
1463,33192,11814,247
1464,94183,19698,336
1465,3172,16256,103
1466,21413,15492,251
1467,73710,19885,356
1468,15207,4986,330
1469,41249,13600,259
1470,35241,17404,319
1471,98985,14146,326
1472,80599,16189,134
1473,52397,4372,249
1474,61664,18544,318
1475,49231,9138,9
1476,4889,8649,320
1477,38506,939,315
1478,39189,12703,107
1479,19581,8107,154
1480,29162,7455,114
1481,35304,5615,89
1482,11953,4156,92
1483,72963,9191,326
1484,57237,9048,35
1485,86139,11814,321
1486,27546,8076,391
1487,84486,7531,310
1488,74374,14332,392
1489,10195,19588,129
1490,8305,16760,386
1491,98322,15311,235
1492,33033,15721,125
1493,4197,7886,268
1494,41894,8275,224
1495,5619,18787,272
1496,55086,1028,96
1497,96027,5480,61
1498,62559,13875,11
1499,64592,556,51
1500,43392,11123,172
1501,33571,6700,100
1502,54705,4378,149
1503,60686,15671,262
1504,28538,802,229
1505,79311,8487,206
1506,70462,15136,131
1507,78117,4654,352
1508,46853,12541,210
1509,90945,2272,257
1510,49259,642,78
1511,21565,12575,271
1512,36284,3233,62
1513,62953,10879,397
1514,82297,19388,110
1515,4915,13484,73
1516,60947,10574,43
1517,20098,12855,171
1518,82075,7867,163
1519,61415,19160,113
1520,72325,12434,39
1521,1640,1029,44
1522,9680,14438,388
1523,19557,5742,337
1524,36362,17477,347
1525,13920,6869,312
1526,77776,7846,253
1527,88677,1259,187
1528,59807,14328,397
1529,36466,18040,341
1530,36294,928,46
1531,685,14635,258
1532,3453,12774,164
1533,86458,14433,388
1534,25669,17686,169
1535,90204,4611,386
1536,70988,6941,45
1537,44980,13160,353
1538,55542,3431,353
1539,72524,19375,303
1540,40910,12874,69
1541,88447,8998,201
1542,58735,19552,307
1543,23184,3594,112
1544,94171,6320,67
1545,75423,9549,217
1546,98176,17698,129
1547,60021,827,126
1548,36623,4953,363
1549,1555,308,103
1550,16428,10343,245
1551,20780,9342,73
1552,8643,11268,224
1553,18264,17876,77
1554,77651,6280,172
1555,74501,11998,107
1556,58692,1701,195
1557,89116,10852,235
1558,1861,19262,384
1559,17734,4580,79
1560,32924,5959,324
1561,99061,4562,165
1562,89247,2798,133
1563,51414,15455,161
1564,21443,10912,104
1565,73382,359,150
1566,98190,4313,142
1567,60770,8053,313
1568,34066,1249,225
1569,78991,5343,124
1570,7383,18809,124
1571,9655,3157,34
1572,4208,13431,323
1573,68368,13268,161
1574,48030,2542,210
1575,28882,19214,374
1576,36287,13101,211
1577,33888,9236,161
1578,31686,7759,231
1579,50007,19211,260
1580,31247,13941,87
1581,38445,15860,353
1582,78859,9134,149
1583,94994,14925,141
1584,53998,12040,71
1585,13725,12853,168
1586,76261,13845,23
1587,74298,17296,398
1588,25276,19031,227
1589,63803,11930,318
1590,27988,16186,201
1591,11016,2737,94
1592,50047,7830,164
1593,85947,8846,261
1594,84364,3021,263
1595,93376,11032,55
1596,10751,19295,392
1597,10453,17747,367
1598,15686,19668,18
1599,55596,2819,355
1600,18038,15867,84
1601,96587,14991,3
1602,44556,4287,169
1603,48224,17270,18
1604,23379,8446,68
1605,97522,1391,5
1606,16644,10700,202
1607,87171,14757,395
1608,77093,15376,163
1609,24857,9150,153
1610,38648,19168,236
1611,35980,18279,385
1612,31462,17659,103
1613,31526,8062,38
1614,72975,7891,366
1615,36687,3964,367
1616,84965,13195,69
1617,90934,9761,292
1618,9864,7544,293
1619,53795,2605,373
1620,53745,14944,139
1621,5007,13736,69
1622,16725,6443,132
1623,46264,19994,103
1624,85358,16865,7
1625,9215,8045,41
1626,64742,2499,231
1627,3911,2067,61
1628,69331,4411,295
1629,74974,793,360
1630,70893,15525,160
1631,71105,5728,114
1632,10163,11583,5
1633,6302,10464,236
1634,28270,16946,108
1635,72147,873,400
1636,82517,13967,379
1637,27565,2955,197
1638,25163,19444,230
1639,91459,19640,212
1640,46108,1636,77
1641,66471,4740,64
1642,6783,6600,306
1643,90376,7170,274
1644,69306,14200,176
1645,46020,16835,130
1646,23173,6602,46
1647,16215,19556,99
1648,29283,7188,309
1649,87040,4844,205
1650,30901,562,299
1651,67585,8585,218
1652,22637,17734,136
1653,46088,10009,261
1654,11443,103,351
1655,20277,12040,178
1656,16547,14973,318
1657,30875,18987,197
1658,45368,10173,65
1659,42990,17098,388
1660,86692,13117,144
1661,70168,6917,186
1662,75844,5824,235
1663,87046,10219,152
1664,80496,3106,44
1665,61310,8440,158
1666,13504,19930,16
1667,65830,5308,173
1668,48095,8114,52
1669,9104,4959,222
1670,51236,17943,7
1671,4942,12135,329
1672,65132,14991,378
1673,55134,6242,145
1674,28783,13029,307
1675,42556,3303,227
1676,65257,6449,41
1677,80279,10894,289
1678,52708,2237,173
1679,60475,18748,37
1680,90087,5266,328
1681,60165,13905,353
1682,16660,13803,239
1683,20461,12982,86
1684,36561,6295,391
1685,14391,5042,179
1686,96312,19413,85
1687,36117,1964,201
1688,58756,15385,243
1689,53833,19724,153
1690,52093,1530,372
1691,13952,18137,72
1692,57300,17391,333
1693,28029,11766,188
1694,8902,8510,334
1695,537,1851,391
1696,56171,6804,174
1697,11164,4062,10
1698,94726,4662,194
1699,77308,6099,142
1700,49586,4315,20
1701,93033,15766,183
1702,9679,18659,22
1703,44698,13959,321
1704,74982,5662,356
1705,64043,2793,281
1706,66015,4615,72
1707,25708,8426,198
1708,58509,14037,177
1709,16110,515,131
1710,30082,17454,198
1711,98610,17137,91
1712,78956,15430,73
1713,27053,17198,202
1714,85347,4069,164
1715,66402,14139,352
1716,13353,10050,326
1717,211,6456,87
1718,97394,19427,147
1719,10067,2363,12
1720,70935,108,317
1721,63561,8952,374
1722,34203,12724,58
1723,17444,4046,81
1724,37230,1838,31
1725,25775,9861,258
1726,61147,13186,270
1727,25030,16214,12
1728,59394,1585,131
1729,20643,9109,226
1730,53861,4381,103
1731,86689,6939,37
1732,95327,12489,13
1733,74512,12639,349
1734,6076,2494,207
1735,71590,4048,1
1736,53827,14820,276
1737,10944,2985,180
1738,70323,4177,396
1739,82458,13228,34
1740,36112,16669,46
1741,45576,11642,187
1742,75315,13381,188
1743,98672,15425,338
1744,82866,6589,227
1745,80133,12788,194
1746,15206,7737,147
1747,70896,53,253
1748,19270,4895,49
1749,68246,13743,104
1750,80042,5428,383
1751,90244,5011,110
1752,57127,18944,122
1753,41840,4901,142
1754,55871,16345,293
1755,18532,16306,81
1756,9309,1854,376
1757,64571,18530,284
1758,94025,19590,176
1759,50658,17387,133
1760,99179,7527,68
1761,88069,13031,90
1762,34823,4120,307
1763,29853,11047,224
1764,3144,7471,229
1765,10383,11745,257
1766,7083,8836,107
1767,99187,596,287
1768,37001,2526,232
1769,21846,4486,85
1770,52841,6763,26
1771,35242,10906,18
1772,6789,9571,302
1773,64274,6371,354
1774,97879,8751,235
1775,65666,8364,150
1776,84831,19372,320
1777,17333,16633,23
1778,58194,14251,233
1779,45580,14632,311
1780,41326,8426,96
1781,34245,19201,220
1782,82639,14614,152
1783,20594,12875,220
1784,23165,15236,270
1785,83113,11422,35
1786,52725,12739,25
1787,23235,5438,356
1788,35657,18855,351
1789,96218,8912,326
1790,51181,9862,388
1791,10193,6741,324
1792,6090,6866,100
1793,87594,16965,79
1794,29312,9944,194
1795,75363,18310,25
1796,42621,1896,237
1797,82333,711,52
1798,5779,16092,112
1799,84673,2507,104
1800,51671,1657,32
1801,5146,8283,301
1802,53286,11519,309
1803,5702,3459,272
1804,3157,3363,92
1805,77481,10230,61
1806,22904,10855,190
1807,19877,36,270
1808,31589,14154,47
1809,14368,19845,188
1810,59271,9099,14
1811,29954,8691,313
1812,43565,17310,345
1813,61404,138,268
1814,83754,16904,306
1815,97981,18730,398
1816,16821,5284,116
1817,83948,8260,105
1818,50482,9959,275
1819,99100,10638,259
1820,13774,18816,338
1821,32698,16529,126
1822,58304,16258,75
1823,35613,16368,216
1824,76350,4355,393
1825,56631,232,62
1826,77514,10401,185
1827,44896,15743,30
1828,61627,7882,333
1829,62329,12155,182
1830,33742,7832,219
1831,34506,13659,303
1832,69795,2618,81
1833,47074,18587,270
1834,78779,14770,119
1835,59764,17845,208
1836,36231,171,120
1837,72887,7333,157
1838,13616,3558,260
1839,31023,14289,194
1840,60976,17051,88
1841,97346,13062,231
1842,22668,7255,65
1843,59585,1561,20
1844,80826,1508,386
1845,72178,16136,356
1846,92955,10184,162
1847,4845,12769,225
1848,17263,6841,8
1849,7976,11982,46
1850,56452,11790,295
1851,25508,2,249
1852,25451,1425,200
1853,91174,17570,99
1854,20402,6476,56
1855,43030,16,65
1856,98831,9206,378
1857,81522,16257,341
1858,19648,18249,61
1859,4305,15171,241
1860,16039,17255,378
1861,86586,5107,44
1862,61718,14227,265
1863,71733,2253,329
1864,84670,11093,349
1865,66189,11395,193
1866,38251,7176,155
1867,84663,10724,147
1868,29675,15509,54
1869,84143,7166,7
1870,31113,13071,27
1871,96162,18641,23
1872,85512,18938,7
1873,48976,5176,83
1874,92192,15635,111
1875,53228,8207,355
1876,73896,12615,89
1877,86711,17253,98
1878,15417,248,269
1879,35554,9761,267
1880,39719,188,12
1881,78885,4943,315
1882,14415,3672,398
1883,55618,10479,269
1884,50851,2824,361
1885,61364,19596,168
1886,4271,18111,322
1887,57409,16241,332
1888,24693,5994,191
1889,17007,6674,7
1890,28923,19901,298
1891,59649,10677,322
1892,90840,1920,291
1893,69874,19079,375
1894,32465,19680,180
1895,19910,13396,306
1896,22975,1562,388
1897,68257,1688,21
1898,99058,6170,130
1899,49260,7847,106
1900,16019,7492,180
1901,53479,11416,268
1902,15750,14433,394
1903,34976,4738,164
1904,61510,1513,379
1905,95189,15813,216
1906,54971,12737,176
1907,52302,13520,188
1908,87159,9556,368
1909,50603,8847,162
1910,53987,9066,221
1911,72775,7080,266
1912,12520,18372,260
1913,28513,12527,26
1914,66139,855,362
1915,62613,2662,58
1916,89408,12759,203
1917,42526,9531,173
1918,91376,8265,38
1919,72054,7982,279
1920,1975,13790,10
1921,72466,14687,301
1922,68120,6786,234
1923,6198,8297,173
1924,52369,17811,76
1925,34928,3714,169
1926,60016,16395,172
1927,81731,11480,259
1928,5138,18079,246
1929,42112,19409,119
1930,14742,3223,164
1931,81100,18221,7
1932,27009,8251,265
1933,56432,17922,297
1934,13510,15368,292
1935,62540,19100,326
1936,69135,19482,399
1937,4154,14475,247
1938,85597,15361,205
1939,13028,1253,243
1940,41480,10494,269
1941,80219,16834,369
1942,4964,1610,173
1943,87379,14900,84
1944,71799,924,304
1945,46817,120,324
1946,49375,16118,349
1947,14387,12492,365
1948,97304,13549,136
1949,94976,19526,273
1950,32179,12758,275
1951,24805,1394,51
1952,48414,910,216
1953,28324,3455,3
1954,77115,7118,222
1955,84770,8246,201
1956,10108,16066,290
1957,50847,12260,350
1958,98137,12344,139
1959,37979,7863,246
1960,6647,488,244
1961,87070,6984,290
1962,2920,9128,376
1963,47212,1559,34
1964,4848,13306,87
1965,62999,8641,355
1966,29831,17285,304
1967,50216,15835,70
1968,67357,8301,15
1969,6923,12033,353
1970,22205,1769,238
1971,20178,6760,253
1972,12421,11980,136
1973,37722,11290,308
1974,86851,14711,314
1975,48903,5232,8
1976,82328,3191,245
1977,91967,4743,63
1978,60387,1990,83
1979,88798,8679,255
1980,10153,17215,88
1981,94681,19866,233
1982,10905,13666,37
1983,35700,2975,167
1984,57598,16615,67
1985,75344,12730,32
1986,47292,6151,386
1987,27437,19576,131
1988,88815,9192,9
1989,53144,17428,339
1990,54435,10038,278
1991,2988,10273,30
1992,51303,14141,278
1993,13852,2468,266
1994,980,15814,298
1995,97675,4246,225
1996,49029,1673,23
1997,82114,17230,88
1998,53395,15957,29
1999,24616,14805,15
2000,47269,2250,309
2001,92276,18255,264
2002,12480,631,303
2003,12108,19815,289
2004,18436,8683,46
2005,57760,9615,145
2006,50433,7365,104
2007,64409,2696,224
2008,31390,12540,116
2009,23761,2207,27
2010,52149,19217,347
2011,53554,14775,150
2012,91594,12781,327
2013,48156,3704,279
2014,54276,11275,278
2015,12755,8865,254
2016,86119,10768,197
2017,80691,6692,170
2018,7629,14568,222
2019,85448,5904,37
2020,50329,3839,255
2021,85271,19575,260
2022,39752,16832,276
2023,13909,7152,28
2024,95721,17232,56
2025,28953,16489,213
2026,30957,16498,166
2027,13286,18087,41
2028,86702,863,201
2029,14061,13391,226
2030,81399,13901,310
2031,6331,17785,381
2032,87007,9697,185
2033,71656,6962,41
2034,83919,8902,288
2035,79637,1040,383
2036,3467,11147,337
2037,74570,15076,382
2038,99727,12608,88
2039,23269,19943,52
2040,13911,6184,23
2041,92298,2809,283
2042,57589,14360,70
2043,86714,7577,183
2044,18041,16805,21
2045,16701,7822,61
2046,30703,969,237
2047,28449,17400,67
2048,73236,8312,225
2049,11006,11666,212
2050,31289,18414,22
2051,46039,74,352
2052,55219,6006,74
2053,18046,17391,382
2054,9793,6670,246
2055,28140,5615,259
2056,40357,6998,156
2057,71620,6328,260
2058,85535,4748,53
2059,26513,9577,309
2060,6372,12421,320
2061,31658,8338,302
2062,41588,18183,97
2063,32170,13579,80
2064,80470,5816,56
2065,34585,4236,161
2066,16709,12019,274
2067,58117,10279,92
2068,11313,15914,4
2069,88696,13697,191
2070,61744,17365,104
2071,16943,3371,210
2072,93317,15289,131
2073,67659,10112,330
2074,28517,18268,80
2075,80414,8088,248
2076,36081,927,296
2077,57542,18643,68
2078,81703,10216,301
2079,74419,12979,274
2080,30050,8253,206
2081,91040,924,57
2082,74458,13605,151
2083,30081,17951,371
2084,18022,5306,190
2085,32749,12668,265
2086,44380,17414,231
2087,90868,474,263
2088,27527,11652,262
2089,42525,11115,158
2090,79499,14553,301
2091,5112,17734,326
2092,23453,11211,96
2093,32035,11638,364
2094,41515,10230,81
2095,81698,12964,380
2096,71678,11010,215
2097,504,3681,77
2098,41018,14833,60
2099,24851,1980,180
2100,50004,306,386
2101,25345,19049,361
2102,31688,4071,82
2103,6644,13981,367
2104,75981,17882,149
2105,44075,18193,96
2106,51338,5286,99
2107,55287,11994,195
2108,67299,15223,251
2109,53907,19904,314
2110,73892,4073,129
2111,1143,5783,167
2112,86994,9213,393
2113,47066,16473,387
2114,25915,2377,175
2115,39802,12593,348
2116,62925,1039,392
2117,42809,16996,165
2118,60364,13502,264
2119,4659,15438,161
2120,21895,3718,362
2121,54230,2698,84
2122,18905,3150,300
2123,74176,11161,378
2124,34372,112,302
2125,45387,17624,261
2126,39450,3282,284
2127,24690,2919,98
2128,57887,1829,242
2129,1771,13023,104
2130,8013,6695,164
2131,53793,16686,120
2132,19924,12881,367
2133,80851,17810,103
2134,21370,11800,192
2135,59268,17982,35
2136,49211,9235,354
2137,80302,2985,35
2138,15002,8653,144
2139,60456,18795,310
2140,94400,11737,49
2141,62135,841,297
2142,30507,15640,82
2143,7221,6798,233
2144,81898,5473,53
2145,78961,9795,200
2146,18271,13450,39
2147,27798,3146,359
2148,60209,16933,267
2149,9104,16475,384
2150,93054,10707,191
2151,3918,9454,59
2152,69883,4601,192
2153,46564,5957,113
2154,27104,14254,4
2155,79391,11419,152
2156,2608,18311,57
2157,11378,19259,360
2158,81522,12434,257
2159,58274,11503,372
2160,88397,7361,390
2161,6087,7791,349
2162,6255,14747,351
2163,839,1534,289
2164,69226,11673,367
2165,93706,3467,117
2166,95379,9932,274
2167,39910,14125,358
2168,85903,16259,357
2169,95756,6991,308
2170,31547,18901,1
2171,44583,10762,131
2172,23159,9976,1
2173,45236,10746,36
2174,46952,14501,354
2175,27658,4704,240
2176,21869,2203,399
2177,97060,1967,319
2178,91471,14937,75
2179,86946,1853,41
2180,44114,11204,245
2181,31414,6480,223
2182,61539,2378,385
2183,58613,15545,238
2184,50489,9472,220
2185,42740,16689,26
2186,59390,17776,353
2187,99415,8183,71
2188,67842,10643,159
2189,67735,15755,92
2190,77478,10493,272
2191,23480,4925,243
2192,16741,19455,137
2193,41693,10006,189
2194,82406,4648,235
2195,73433,3776,85
2196,92841,5610,250
2197,81818,1248,67
2198,79811,3975,317
2199,32746,13991,311
2200,88683,4891,27
2201,99239,19847,348
2202,90209,19600,337
2203,68968,5408,392
2204,57443,6829,44
2205,6278,14744,2
2206,47834,8338,74
2207,61101,12330,86
2208,92748,16340,39
2209,68216,218,126
2210,74432,4813,341
2211,42075,7843,92
2212,65310,1770,390
2213,21,14643,399
2214,36502,15373,65
2215,81693,4446,91
2216,28122,19261,45
2217,79482,11347,38
2218,51464,18477,306
2219,78640,4111,272
2220,83913,10531,197
2221,37691,4817,133
2222,6624,19772,166
2223,26614,2030,284
2224,814,13146,359
2225,2503,6558,106
2226,93079,12316,82
2227,10839,8054,9
2228,41666,18766,251
2229,7944,18744,373
2230,24338,17304,139
2231,72969,1120,254
2232,73033,12341,143
2233,51451,18658,260
2234,73279,19615,380
2235,85953,15849,340
2236,31903,4064,389
2237,89083,1444,316
2238,5693,14260,86
2239,43113,6523,100
2240,81439,7234,221
2241,70852,4458,162
2242,41011,14489,71
2243,58998,17042,295
2244,82584,14396,123
2245,50923,11772,180
2246,48239,391,136
2247,79732,687,39
2248,32333,9382,151
2249,14965,3239,63
2250,84044,10298,205
2251,31497,10537,123
2252,81213,2491,119
2253,44892,6239,27
2254,42924,15133,131
2255,41736,9072,300
2256,20411,18781,85
2257,51740,6710,26
2258,37575,5468,14
2259,46378,5378,156
2260,62801,16614,217
2261,65267,133,320
2262,38253,2232,73
2263,52869,4288,217
2264,4519,1849,94
2265,70204,3804,352
2266,68522,9256,103
2267,8084,17340,54
2268,71511,11188,342
2269,38945,12461,343
2270,97618,9542,350
2271,67836,13702,164
2272,71124,8710,197
2273,54958,12547,316
2274,77941,13840,257
2275,67149,5763,375
2276,38543,5149,286
2277,96278,10814,343
2278,88565,2845,165
2279,50750,12726,287
2280,96899,810,85
2281,36869,10889,361
2282,79831,2382,115
2283,76259,10880,353
2284,79229,16905,371
2285,58816,6837,8
2286,32913,5872,251
2287,46375,7085,246
2288,28545,7668,58
2289,35065,2005,261
2290,44709,16536,213
2291,2661,1348,175
2292,38586,15782,24
2293,89378,5243,140
2294,51416,16177,120
2295,85497,16310,71
2296,95226,9876,247
2297,27134,11356,315
2298,54149,6836,374
2299,73211,10627,72
2300,654,16339,327
2301,56181,10516,230
2302,89237,89,349
2303,6688,14929,109
2304,3036,8304,341
2305,1858,19490,211
2306,36556,858,71
2307,79484,6701,360
2308,94751,12951,182
2309,63322,2817,80
2310,68539,3851,67
2311,29001,8329,208
2312,26594,17636,323
2313,59142,8725,367
2314,49349,15823,134
2315,34129,1498,322
2316,12494,14034,173
2317,52244,17940,105
2318,28235,2879,324
2319,5715,10617,311
2320,94790,5290,227
2321,54061,886,9
2322,40155,14541,235
2323,85582,2757,350
2324,8413,5333,178
2325,69473,19305,12
2326,80198,12343,232
2327,31893,1180,93
2328,52346,311,73
2329,27144,8759,185
2330,72241,17461,35
2331,12074,4361,248
2332,16932,5367,209
2333,9417,6746,31
2334,42562,9780,11
2335,71952,8645,388
2336,10519,13271,313
2337,32277,13440,187
2338,1214,4021,282
2339,28956,12762,171
2340,58846,9862,164
2341,35396,13443,332
2342,62242,4883,339
2343,15191,2869,317
2344,28596,7653,352
2345,15279,17298,188
2346,18919,6059,155
2347,31705,16087,2
2348,39875,7526,212
2349,63634,15544,183
2350,99352,2946,33
2351,36096,15205,41
2352,12675,14810,97
2353,74697,14056,279
2354,81514,640,338
2355,15063,9180,163
2356,1239,6624,203
2357,78143,12751,55
2358,75640,19934,174
2359,76396,11574,244
2360,71940,1399,5
2361,71102,16474,42
2362,61407,8100,204
2363,86685,19064,201
2364,4775,10929,324
2365,22432,3792,237
2366,91574,10580,391
2367,36435,5662,301
2368,22969,3839,27
2369,81535,17121,238
2370,16701,13700,16
2371,32923,1461,269
2372,12345,13169,349
2373,23385,3138,93
2374,19915,18249,3
2375,56229,18993,265
2376,77530,14698,308
2377,88330,13159,310
2378,43123,2206,329
2379,50170,2473,381
2380,81643,9380,351
2381,97266,15932,364
2382,85375,7289,335
2383,73303,4335,26
2384,30346,1079,383
2385,36929,5027,245
2386,21145,3005,76
2387,41988,2319,43
2388,19245,2847,123
2389,36891,2770,368
2390,45726,14214,365
2391,14467,19470,166
2392,66705,968,168
2393,74471,11760,321
2394,18701,19723,387
2395,74574,1468,301
2396,46561,1153,305
2397,23082,9767,102
2398,13833,8941,216
2399,50574,10074,213
2400,6115,1617,72
2401,86350,8220,308
2402,49598,16391,120
2403,57419,19114,148
2404,56270,2765,339
2405,69455,17122,255
2406,55941,1682,64
2407,95956,10280,370
2408,44368,282,389
2409,13684,12642,207
2410,88364,16260,357
2411,41822,7856,130
2412,82979,5458,277
2413,25845,6360,296
2414,58334,6913,224
2415,63658,17585,119
2416,89596,9145,154
2417,49591,1180,181
2418,55671,8381,344
2419,24265,12942,160
2420,16346,6618,168
2421,61346,5441,28
2422,36574,18482,32
2423,74879,12341,161
2424,97822,1672,335
2425,71440,12780,40
2426,81225,13734,8
2427,82421,18314,240
2428,82782,9541,288
2429,61720,4280,98
2430,10499,6720,112
2431,47356,17836,185
2432,97328,1923,160
2433,42712,3689,60
2434,9622,1450,299
2435,5909,16388,66
2436,20273,4562,313
2437,53911,14140,363
2438,46452,7631,44
2439,48823,7480,357
2440,26500,8171,257
2441,84492,19881,105
2442,24955,3253,129
2443,5751,3271,274
2444,18596,10408,393
2445,34278,11389,174
2446,49620,5999,159
2447,27072,1365,203
2448,82179,15196,203
2449,91125,6576,330
2450,97810,19452,234
2451,49267,2235,276
2452,14426,18410,88
2453,18975,7544,37
2454,80533,16961,202
2455,38628,2663,15
2456,11335,13966,61
2457,44408,51,69
2458,12676,13547,364
2459,67152,14317,202
2460,59017,12527,311
2461,36380,13182,97
2462,73125,9039,257
2463,57934,9928,34
2464,70731,5475,114
2465,21877,5166,314
2466,70611,10982,325
2467,39356,6782,252
2468,61652,5643,160
2469,60485,9940,187
2470,51057,10893,261
2471,94786,12630,122
2472,50704,9767,139
2473,22293,17821,186
2474,70176,14350,338
2475,54655,1060,212
2476,43594,17548,4
2477,6649,13895,256
2478,53821,9335,200
2479,89458,987,86
2480,47488,10231,242
2481,98628,19135,186
2482,47335,10413,380
2483,2405,11779,280
2484,91618,4036,372
2485,32033,5421,192
2486,39458,5764,5
2487,47799,10822,233
2488,88976,18208,50
2489,36034,1310,136
2490,37098,19042,303
2491,51187,16990,151
2492,91802,10218,55
2493,60044,14575,150
2494,39105,2392,210
2495,53965,2816,80
2496,93229,5524,385
2497,32163,16204,273
2498,66267,12985,291
2499,20520,16443,350
2500,44889,18109,53
2501,38821,605,319
2502,38856,1135,334
2503,83723,19407,5
2504,5592,1690,2
2505,52674,2715,379
2506,6554,1629,386
2507,75804,7483,395
2508,87005,2494,387
2509,31196,13899,190
2510,99669,17196,44
2511,1300,3387,221
2512,8947,12168,206
2513,65092,12695,290
2514,68532,11237,193
2515,91660,2252,124
2516,57052,985,125
2517,57058,6967,111
2518,50824,13693,315
2519,55541,11529,107
2520,6574,13170,245
2521,27307,14919,152
2522,40817,18443,383
2523,9088,6357,316
2524,6644,7714,32
2525,26064,127,40
2526,44992,7223,87
2527,52064,7132,181
2528,43815,298,57
2529,29545,8348,395
2530,57085,8844,47
2531,60740,1493,360
2532,69014,13851,343
2533,3177,12872,171
2534,25742,14642,172
2535,97171,5922,143
2536,94470,4158,88
2537,72268,6234,397
2538,30438,12926,247
2539,71059,9711,320
2540,14132,6902,288
2541,70893,776,339
2542,58682,17509,319
2543,21613,1798,332
2544,13063,17894,92
2545,9021,4520,77
2546,67661,19993,188
2547,30867,16284,314
2548,53396,5602,214
2549,8438,17317,242
2550,27998,12945,315
2551,21154,8260,131
2552,38361,12380,362
2553,9743,1723,110
2554,6804,7705,146
2555,47096,18234,182
2556,69658,16247,130
2557,89846,13534,379
2558,86406,10216,70
2559,589,6700,385
2560,46234,590,345
2561,24578,4719,396
2562,55121,15799,126
2563,9144,3157,321
2564,95329,17471,55
2565,11818,4492,26
2566,4191,14942,234
2567,69612,2193,154
2568,73526,757,134
2569,22023,14170,142
2570,30530,5553,94
2571,96139,5255,384
2572,63199,14454,383
2573,97563,18301,117
2574,52611,18842,25
2575,28784,7446,248
2576,62915,15282,98
2577,33163,11624,81
2578,18905,8634,211
2579,8967,16926,301
2580,91149,14927,292
2581,36164,15771,62
2582,84301,178,206
2583,78330,8586,193
2584,10814,8624,275
2585,93452,4047,215
2586,91110,8544,30
2587,96941,3060,102
2588,11903,16845,137
2589,86140,1153,186
2590,17114,13183,92
2591,60933,2585,337
2592,70904,6510,50
2593,99540,9702,384
2594,817,4483,104
2595,90391,8541,47
2596,95508,5590,290
2597,35444,10956,12
2598,68626,17278,31
2599,84687,8985,278
2600,96560,18463,285
2601,90061,1532,345
2602,2744,17714,65
2603,37256,14753,178
2604,55598,25,220
2605,33962,8296,113
2606,67300,19622,231
2607,61776,3018,70
2608,79933,74,225
2609,53005,18116,308
2610,87165,10095,68
2611,9536,11401,377
2612,26059,8302,14
2613,39110,2618,161
2614,3506,691,34
2615,75713,8529,116
2616,2011,18083,216
2617,24018,17140,12
2618,43055,1749,50
2619,53101,5335,307
2620,20072,13749,338
2621,9124,3186,189
2622,85044,10317,178
2623,68594,19410,309
2624,20084,29,151
2625,89280,15111,346
2626,40356,12421,155
2627,18159,467,324
2628,71554,5374,249
2629,44169,11746,276
2630,36409,7559,337
2631,60056,10510,257
2632,611,2230,81
2633,40942,5547,248
2634,91117,12406,69
2635,64094,10859,265
2636,44886,7046,91
2637,1347,4317,101
2638,14712,10164,379
2639,43433,16140,388
2640,4152,12186,11
2641,23183,4828,140
2642,45601,8322,273
2643,29198,15329,249
2644,63704,12909,170
2645,45783,9695,41
2646,33566,2423,274
2647,38493,14809,399
2648,20582,5946,328
2649,10343,15904,77
2650,83797,17787,7
2651,72982,13738,358
2652,31377,3490,178
2653,13213,3845,334
2654,81314,3761,124
2655,48512,10651,227
2656,36797,9866,156
2657,77870,10737,281
2658,12005,11026,252
2659,38925,12669,333
2660,66905,4770,69
2661,45816,19246,139
2662,65089,7375,169
2663,13155,6132,38
2664,81885,535,84
2665,98450,3847,91
2666,56382,5158,183
2667,17171,10472,386
2668,56719,2741,225
2669,75256,131,41
2670,9714,740,355
2671,19136,9956,362
2672,85151,15352,205
2673,53724,2969,138
2674,22040,190,248
2675,6173,720,98
2676,79774,14573,76
2677,20610,7523,283
2678,75151,3507,237
2679,83845,6517,300
2680,81235,18466,366
2681,46367,447,15
2682,15683,1075,35
2683,2203,11412,117
2684,16612,5339,33
2685,90929,10406,130
2686,25671,16002,9
2687,84319,19806,68
2688,10512,1745,361
2689,97097,7239,56
2690,89078,11729,231
2691,35020,11578,334
2692,46102,11446,244
2693,48785,9759,35
2694,89706,9506,328
2695,37993,13423,394
2696,47954,253,338
2697,92787,12033,31
2698,79161,18296,254
2699,32898,17199,141
2700,43067,2263,68
2701,79871,9193,236
2702,92225,16258,3
2703,89113,13972,6
2704,17960,14624,137
2705,68073,6694,104
2706,13881,10708,47
2707,3892,3390,103
2708,85550,9345,281
2709,62734,12172,220
2710,17760,11665,273
2711,56455,12069,144
2712,99755,4402,318
2713,81948,9098,333
2714,58609,4902,1
2715,51619,9132,124
2716,57056,115,22
2717,62084,1256,133
2718,91401,12348,140
2719,31235,11557,23
2720,97896,8139,167
2721,22546,14318,22
2722,50084,11032,279
2723,33201,3066,288
2724,70095,4943,301
2725,96979,15420,111
2726,11175,7975,279
2727,97090,16066,352
2728,24097,5015,344
2729,74052,12858,135
2730,65991,19498,222
2731,98164,9262,154
2732,51900,4548,116
2733,62049,10165,30
2734,80332,19656,112
2735,89659,17620,23
2736,35049,4322,284
2737,90681,17351,83
2738,71570,19791,154
2739,19230,15466,318
2740,41442,3091,314
2741,58522,12503,76
2742,43307,9431,116
2743,49883,4377,324
2744,576,5925,32
2745,35513,1527,392
2746,58692,13040,332
2747,70810,15881,149
2748,48880,1628,132
2749,59238,12952,234
2750,57630,957,37
2751,5271,18068,267
2752,29133,5657,261
2753,50954,7734,58
2754,13799,3470,87
2755,93877,18427,358
2756,85620,19544,129
2757,23637,18976,24
2758,59853,16832,128
2759,42955,16187,187
2760,70370,11849,336
2761,76418,18597,283
2762,74417,19756,396
2763,2769,671,111
2764,34825,13653,201
2765,31309,5109,76
2766,60854,12334,27
2767,79372,13869,213
2768,92049,4605,304
2769,28769,13664,37
2770,27769,14559,274
2771,74117,10298,196
2772,64772,2001,400
2773,24836,7551,347
2774,37193,11781,388
2775,77459,15313,163
2776,11677,443,346
2777,74727,3849,153
2778,70523,12745,341
2779,97329,16292,1
2780,14877,6342,235
2781,30559,10490,17
2782,58172,1620,10
2783,86182,9867,342
2784,84798,18760,100
2785,72965,13761,44
2786,70368,6603,351
2787,64063,6494,399
2788,24070,1791,243
2789,87275,2995,170
2790,83873,18705,391
2791,44664,6834,389
2792,54059,14284,28
2793,89944,12523,210
2794,34491,7544,132
2795,83595,9745,98
2796,38079,1453,78
2797,4217,14942,311
2798,21246,2740,185
2799,22366,2620,251
2800,98216,1399,384
2801,61273,6791,26
2802,55003,2298,325
2803,61101,11602,106
2804,21044,3524,260
2805,61977,12825,276
2806,12341,17005,203
2807,95979,7132,322
2808,86043,976,123
2809,91293,4942,352
2810,75785,10737,168
2811,15066,9835,337
2812,60361,8461,331
2813,8186,11206,375
2814,13084,10959,323
2815,15037,18570,327
2816,60659,11350,347
2817,5549,2534,331
2818,71331,11255,87
2819,56818,2683,82
2820,77034,14935,33
2821,7018,17108,320
2822,2278,9548,284
2823,67011,16660,31
2824,2194,14832,398
2825,99236,2633,80
2826,3704,7271,336
2827,30138,17335,225
2828,83861,14848,374
2829,58822,15883,314
2830,45215,410,328
2831,60120,19817,36
2832,74226,7667,267
2833,89139,3150,291
2834,252,14148,288
2835,40581,5631,400
2836,65824,3109,360
2837,34860,1168,219
2838,36659,10706,145
2839,40775,10910,100
2840,16639,16710,392
2841,11907,17685,94
2842,66541,1128,163
2843,67540,17485,26
2844,97433,12757,127
2845,67143,12360,366
2846,64093,13384,165
2847,42568,7098,112
2848,92869,17498,354
2849,42828,19880,345
2850,43169,16466,57
2851,40915,3613,30
2852,7386,5820,128
2853,60881,18456,208
2854,92274,18106,195
2855,39629,9930,169
2856,24599,13949,161
2857,97147,334,265
2858,60741,1378,250
2859,20220,13519,396
2860,58176,11712,151
2861,93427,5688,327
2862,54657,9632,117
2863,46128,5614,355
2864,11489,3870,283
2865,71545,17048,108
2866,93568,19705,275
2867,76787,7261,177
2868,76237,6551,150
2869,54074,16268,222
2870,40914,7631,42
2871,7191,13954,6
2872,52390,7524,124
2873,49864,2452,92
2874,93605,59,372
2875,8108,4589,38
2876,94176,7219,386
2877,13029,15721,71
2878,17316,11078,218
2879,83254,7970,134
2880,32965,10061,145
2881,26917,18644,219
2882,74530,4259,254
2883,77913,336,105
2884,33850,16008,116
2885,54650,14236,98
2886,14686,6185,8
2887,72027,3474,156
2888,53383,17679,311
2889,15372,16256,91
2890,3799,14420,172
2891,32264,17769,214
2892,93586,17370,344
2893,27051,15817,280
2894,54969,9843,147
2895,6758,7717,43
2896,20158,18567,252
2897,65313,12526,236
2898,62008,11741,7
2899,33670,18080,360
2900,79512,8673,120
2901,58822,4557,13
2902,38782,9600,289
2903,78028,3480,352
2904,22410,12314,251
2905,25222,15490,32
2906,51962,10467,74
2907,49878,19140,36
2908,41739,18646,51
2909,65169,12702,31
2910,1573,14042,137
2911,28946,4461,18
2912,78190,14037,92
2913,71435,12896,192
2914,95510,9282,352
2915,75898,3629,250
2916,44738,11607,143
2917,51826,12632,92
2918,27264,19337,221
2919,28156,15347,394
2920,40942,2199,197
2921,64586,10573,117
2922,86287,16923,196
2923,17552,8876,157
2924,78445,6152,244
2925,59117,10671,255
2926,71981,8267,344
2927,89742,15462,93
2928,75582,17231,272
2929,92106,4862,146
2930,85584,15429,23
2931,56000,15287,396
2932,94294,6561,96
2933,53430,341,182
2934,97496,7224,179
2935,95954,6870,245
2936,37158,12958,310
2937,62180,9641,140
2938,70826,6399,343
2939,40699,3296,147
2940,15994,4598,352
2941,40085,5937,10
2942,399,11465,346
2943,65472,10417,17
2944,68348,18689,35
2945,10647,9692,12
2946,17283,17777,245
2947,99398,16755,71
2948,17122,9863,338
2949,85350,6495,231
2950,43243,10027,112
2951,10895,17826,255
2952,72767,14298,211
2953,88371,14662,369
2954,40352,8397,314
2955,11096,15091,11
2956,24114,2730,26
2957,72045,7128,322
2958,88923,5094,282
2959,30126,6538,304
2960,89288,18916,139
2961,9197,2111,65
2962,25230,8024,333
2963,430,18676,35
2964,91412,6977,300
2965,16511,15925,276
2966,73694,3187,42
2967,3527,8135,156
2968,55064,15797,367
2969,34800,12402,74
2970,4093,5927,60
2971,51473,10586,301
2972,81475,17696,18
2973,99325,2103,192
2974,62264,14016,305
2975,53313,19033,218
2976,54687,13951,211
2977,79643,14923,289
2978,56205,2520,125
2979,87678,7971,40
2980,3995,11838,284
2981,26504,19784,128
2982,30615,2102,140
2983,65153,9577,159
2984,74215,397,329
2985,83227,12632,44
2986,25571,17455,138
2987,99734,18265,377
2988,96092,4182,150
2989,20357,8409,202
2990,97622,2774,161
2991,78667,12570,178
2992,96942,4968,123
2993,23143,6741,22
2994,93031,2782,114
2995,74860,10902,318
2996,72263,6317,290
2997,88015,8872,335
2998,97662,8874,22
2999,91194,19918,34
3000,53301,3941,161
