ExhibitId, ExhibitionId, ExhibitAtExhibitionId
24841,184,1
14535,332,2
39787,442,3
25023,116,4
7739,302,5
32202,662,6
47444,473,7
23920,592,8
49822,571,9
6051,389,10
16273,654,11
1628,449,12
30496,500,13
7283,470,14
46468,779,15
39540,88,16
40956,622,17
5074,285,18
8510,503,19
28336,614,20
48816,137,21
13206,476,22
14296,748,23
43092,635,24
43772,264,25
6455,613,26
1162,707,27
18563,719,28
39729,580,29
31006,547,30
12834,566,31
10548,222,32
32511,110,33
29785,49,34
43566,223,35
22037,750,36
35396,33,37
12251,301,38
41858,748,39
11942,776,40
3128,255,41
30250,761,42
30954,722,43
31423,230,44
20320,724,45
40188,696,46
10041,494,47
14900,440,48
41360,75,49
17252,334,50
19600,41,51
21645,711,52
19598,123,53
22518,6,54
2411,303,55
10764,636,56
17118,676,57
26789,223,58
7911,793,59
7685,745,60
17648,338,61
38591,186,62
15576,301,63
49741,550,64
12358,55,65
40590,660,66
24266,316,67
9468,668,68
23220,495,69
34726,577,70
7676,61,71
26872,576,72
20289,116,73
32446,244,74
13610,262,75
37667,674,76
18240,708,77
20483,530,78
22431,196,79
35652,745,80
3638,672,81
22297,520,82
25426,656,83
47709,499,84
34356,736,85
17610,654,86
36105,308,87
20053,316,88
7211,121,89
44153,225,90
42019,414,91
31945,344,92
244,382,93
1558,299,94
21369,164,95
5650,774,96
14392,623,97
29621,25,98
43650,551,99
27534,365,100
1676,447,101
32458,169,102
40203,44,103
33173,709,104
15123,744,105
41846,781,106
6749,683,107
33743,388,108
2929,572,109
23634,569,110
42732,364,111
33547,348,112
1873,276,113
38116,194,114
14418,605,115
11492,26,116
8842,145,117
34778,450,118
3908,180,119
39526,65,120
23367,191,121
38491,564,122
11843,497,123
14244,46,124
7153,182,125
30782,289,126
16855,207,127
33333,780,128
46876,181,129
46116,36,130
25762,129,131
7117,711,132
6604,612,133
35178,244,134
28905,15,135
42797,249,136
27585,308,137
3888,458,138
9815,779,139
33270,392,140
35765,561,141
33800,104,142
45812,59,143
30192,383,144
34519,36,145
39762,521,146
2584,261,147
9472,168,148
15759,645,149
10483,673,150
38294,39,151
49395,578,152
31348,692,153
33180,469,154
608,709,155
33736,745,156
35371,531,157
17463,124,158
37772,336,159
35785,354,160
20678,547,161
18203,112,162
13807,792,163
28816,193,164
10461,620,165
4647,222,166
17539,634,167
27995,668,168
21334,82,169
40511,582,170
46515,322,171
13108,656,172
18222,158,173
39237,479,174
13731,448,175
31,715,176
4050,703,177
20512,184,178
6468,156,179
26235,666,180
31014,694,181
41357,212,182
7979,793,183
22864,711,184
29749,436,185
29599,388,186
11911,94,187
8594,348,188
14431,317,189
42905,54,190
16225,592,191
25909,736,192
3481,546,193
31619,117,194
24893,640,195
11846,778,196
31361,533,197
14084,578,198
32243,565,199
2971,286,200
47552,601,201
18053,389,202
47936,172,203
38698,119,204
48680,367,205
8022,335,206
41672,164,207
5359,791,208
25808,728,209
3840,538,210
46012,664,211
29997,647,212
10988,123,213
45165,117,214
19968,560,215
2769,431,216
2614,438,217
27147,605,218
17141,135,219
35146,140,220
47123,166,221
12445,569,222
19902,220,223
49432,682,224
19630,621,225
5444,611,226
1833,401,227
14614,526,228
35008,671,229
11593,560,230
42358,268,231
11212,324,232
2360,648,233
23398,76,234
33979,399,235
39452,694,236
2078,613,237
48230,734,238
9197,450,239
42082,133,240
4453,654,241
27930,425,242
5405,151,243
5874,158,244
37971,771,245
15880,762,246
34267,25,247
39634,430,248
15892,290,249
23195,718,250
2955,19,251
4791,732,252
22282,347,253
36875,248,254
8837,511,255
33672,290,256
26170,85,257
13690,462,258
4944,381,259
31748,242,260
42729,468,261
1742,313,262
35517,718,263
45951,173,264
24442,740,265
800,305,266
10411,218,267
40651,64,268
24337,703,269
36461,444,270
49079,597,271
19583,611,272
3029,130,273
43987,675,274
39356,642,275
40353,140,276
35282,345,277
6131,370,278
17272,284,279
42782,492,280
42098,142,281
33338,677,282
35306,742,283
33150,397,284
45443,16,285
40502,692,286
37745,44,287
26605,387,288
12771,590,289
1798,507,290
6777,628,291
9706,592,292
39642,316,293
8252,22,294
14216,517,295
49384,260,296
29888,601,297
26717,83,298
31049,423,299
33638,543,300
37260,520,301
46370,589,302
45969,591,303
19427,81,304
2252,245,305
32061,798,306
23266,487,307
49684,577,308
41304,699,309
28956,208,310
21347,43,311
2108,767,312
26485,770,313
9315,397,314
40022,703,315
37635,790,316
45816,701,317
7090,321,318
42992,69,319
24032,121,320
11087,200,321
33765,792,322
2797,477,323
32741,614,324
35496,133,325
33629,290,326
10598,327,327
18798,542,328
34924,535,329
13032,84,330
47392,121,331
32789,175,332
23720,234,333
18676,220,334
46864,235,335
38083,322,336
14835,132,337
11552,151,338
32259,83,339
45243,644,340
15976,419,341
17330,364,342
17285,158,343
49936,31,344
25372,268,345
7136,70,346
8453,639,347
22797,527,348
31814,334,349
349,682,350
36118,105,351
12102,467,352
19743,731,353
14770,65,354
43466,15,355
3628,364,356
43050,533,357
8524,308,358
17448,130,359
5972,54,360
17902,316,361
1467,746,362
21939,293,363
4308,90,364
30092,323,365
18066,593,366
22506,339,367
24254,459,368
19991,653,369
8145,649,370
49369,302,371
19528,34,372
19784,718,373
39016,785,374
44626,16,375
8336,353,376
22684,633,377
17598,261,378
29496,788,379
5507,716,380
15232,236,381
601,741,382
22761,489,383
11612,171,384
472,731,385
8867,41,386
40646,285,387
4820,682,388
30497,184,389
48136,50,390
19012,470,391
29926,775,392
4673,312,393
34416,35,394
48791,742,395
26945,511,396
2281,264,397
46099,456,398
16347,78,399
4023,550,400
38803,373,401
40880,682,402
2624,362,403
18199,449,404
37977,91,405
27070,33,406
3406,140,407
26880,161,408
21880,567,409
20267,608,410
34784,578,411
22200,324,412
1111,13,413
47012,793,414
192,200,415
4487,732,416
49456,577,417
17652,216,418
40917,190,419
10152,396,420
17910,415,421
5756,293,422
1147,6,423
32643,479,424
33155,466,425
38999,633,426
42533,207,427
10492,196,428
23759,174,429
36261,122,430
18134,512,431
33386,205,432
46538,332,433
27968,362,434
34417,710,435
37066,160,436
30178,88,437
38233,316,438
38692,314,439
42092,521,440
17727,557,441
19955,87,442
14404,668,443
36739,42,444
42520,486,445
44173,537,446
18868,470,447
17962,472,448
43635,249,449
42903,660,450
34424,10,451
2509,162,452
4203,1,453
40678,333,454
26199,362,455
18379,106,456
33664,257,457
5198,689,458
4592,120,459
31143,260,460
35487,388,461
13319,766,462
6382,331,463
22678,186,464
23332,700,465
13948,305,466
79,246,467
40245,386,468
14211,24,469
35152,28,470
38833,394,471
38848,373,472
15108,69,473
15112,287,474
49762,447,475
35844,265,476
41890,202,477
22082,29,478
37004,30,479
46752,214,480
7969,190,481
22618,50,482
49692,193,483
43684,462,484
45145,58,485
9309,754,486
12675,422,487
20357,19,488
32397,405,489
49246,162,490
826,234,491
20853,28,492
43721,399,493
30175,498,494
37678,460,495
5922,106,496
46422,541,497
31013,642,498
29695,432,499
39595,14,500
10699,496,501
768,519,502
32757,641,503
34256,435,504
13581,161,505
10863,599,506
26614,270,507
39893,163,508
42245,17,509
42057,571,510
5638,483,511
37894,363,512
32155,280,513
46059,401,514
48008,453,515
12347,331,516
2616,174,517
10093,98,518
7415,444,519
45915,4,520
49015,355,521
6536,413,522
9418,56,523
15836,128,524
40914,461,525
44473,248,526
4438,379,527
16212,175,528
23805,49,529
39348,604,530
38955,532,531
2874,296,532
5075,390,533
42665,333,534
44304,102,535
44865,556,536
19431,5,537
20919,407,538
36218,484,539
1652,725,540
344,423,541
32453,680,542
3186,588,543
11700,256,544
43182,321,545
42239,550,546
23960,740,547
46476,747,548
3510,738,549
46611,11,550
21433,107,551
23385,245,552
13485,670,553
1784,113,554
5735,336,555
9106,423,556
46904,281,557
29892,543,558
40659,299,559
336,595,560
38949,773,561
15631,144,562
29625,282,563
12392,608,564
26500,616,565
30343,194,566
21024,533,567
18806,764,568
9688,743,569
21795,703,570
13554,90,571
16787,317,572
38522,295,573
35335,383,574
5793,357,575
19555,372,576
40473,468,577
20371,800,578
43728,543,579
43486,158,580
33163,374,581
40276,731,582
13695,177,583
39549,771,584
29359,29,585
206,379,586
49327,718,587
33246,786,588
8191,712,589
49398,289,590
31730,440,591
45430,414,592
45523,126,593
15081,782,594
27705,59,595
17036,683,596
49522,465,597
47741,214,598
6946,793,599
19674,690,600
16132,17,601
13650,588,602
37866,127,603
30802,487,604
39427,649,605
15624,685,606
34856,347,607
8710,740,608
8968,595,609
2414,134,610
12819,766,611
5881,131,612
24700,123,613
224,251,614
48113,607,615
21227,342,616
230,22,617
38156,496,618
6679,381,619
5907,75,620
22167,127,621
19037,188,622
14246,775,623
26109,237,624
39483,344,625
32991,773,626
26628,475,627
10561,522,628
29000,22,629
39616,8,630
43361,537,631
48164,667,632
20403,323,633
13522,174,634
15841,632,635
11081,713,636
3130,223,637
49651,193,638
7063,718,639
24372,737,640
30663,112,641
40425,585,642
34712,144,643
13813,556,644
6495,239,645
48984,456,646
37930,278,647
26470,710,648
44898,205,649
47255,680,650
18694,335,651
44202,52,652
28125,150,653
37340,18,654
3014,541,655
40983,632,656
42765,194,657
44983,413,658
34009,438,659
16960,333,660
7794,744,661
14450,652,662
37906,518,663
29701,534,664
28911,180,665
5863,63,666
15304,624,667
46052,48,668
9954,648,669
5031,744,670
48835,209,671
17811,709,672
47903,99,673
36435,131,674
42567,361,675
28294,413,676
7619,634,677
35320,641,678
4300,297,679
20091,609,680
16223,770,681
16455,738,682
1177,391,683
45355,481,684
45046,32,685
10002,466,686
12796,72,687
34128,658,688
12329,530,689
49526,315,690
23453,687,691
7055,404,692
2752,648,693
9268,379,694
11575,145,695
31285,762,696
3105,497,697
48968,174,698
45617,204,699
14632,472,700
25017,571,701
24855,671,702
34084,213,703
44658,708,704
20967,69,705
49329,711,706
5139,549,707
32577,520,708
33181,433,709
17582,390,710
17884,324,711
7773,229,712
39849,626,713
33698,92,714
2921,85,715
13335,412,716
44060,625,717
25049,760,718
13459,650,719
45694,607,720
37812,479,721
35216,573,722
46910,108,723
47173,121,724
34455,71,725
42668,734,726
20926,258,727
15605,8,728
41110,618,729
49646,554,730
19747,497,731
27841,30,732
10805,701,733
45839,671,734
47064,613,735
15167,628,736
28188,148,737
9392,359,738
24187,473,739
17987,21,740
2316,797,741
29131,536,742
17557,271,743
46057,194,744
42616,775,745
21338,480,746
12730,797,747
14556,262,748
5757,487,749
2617,32,750
38300,54,751
39883,452,752
39068,127,753
2002,638,754
35582,554,755
24904,314,756
16260,657,757
31298,640,758
34056,752,759
14540,313,760
39092,725,761
23163,616,762
16185,296,763
25528,615,764
1831,662,765
38602,369,766
42633,672,767
26241,355,768
24871,182,769
10232,451,770
27469,596,771
39598,352,772
6488,582,773
28277,773,774
39291,718,775
48666,108,776
19038,42,777
48251,566,778
13683,214,779
26363,515,780
43352,474,781
29107,295,782
11192,469,783
21865,188,784
48425,232,785
27307,318,786
36459,284,787
13168,409,788
28594,102,789
44354,15,790
14131,143,791
1190,587,792
24516,312,793
1615,468,794
24351,334,795
22207,710,796
47352,173,797
40772,279,798
5719,60,799
208,441,800
42685,560,801
7817,240,802
7134,476,803
8788,503,804
32883,329,805
46837,329,806
20767,140,807
26753,111,808
20547,199,809
47155,145,810
8409,7,811
3626,403,812
25963,732,813
45076,295,814
12691,686,815
31409,211,816
39750,739,817
15801,349,818
10202,720,819
22216,129,820
2373,231,821
19919,509,822
2479,108,823
16809,257,824
35653,472,825
31385,795,826
1974,144,827
36760,389,828
46695,701,829
41046,423,830
4530,456,831
37119,290,832
1619,448,833
30091,711,834
17339,317,835
31714,251,836
41651,382,837
6472,77,838
12752,179,839
3070,768,840
31599,256,841
6127,49,842
6853,603,843
43316,673,844
5346,659,845
24068,539,846
16217,433,847
40633,38,848
1310,146,849
17560,551,850
26329,441,851
3267,19,852
12569,460,853
12233,641,854
46572,557,855
48516,223,856
6074,662,857
25742,366,858
2424,206,859
43029,213,860
36845,119,861
36789,235,862
698,246,863
45032,304,864
45388,792,865
25659,232,866
34609,736,867
27959,706,868
18803,622,869
49836,595,870
36462,102,871
8708,323,872
23659,73,873
37136,405,874
20856,427,875
16713,461,876
46672,766,877
29875,681,878
14411,241,879
11907,308,880
28559,317,881
18473,156,882
38832,473,883
20399,676,884
45031,575,885
33813,116,886
38237,265,887
45434,295,888
42620,387,889
25791,56,890
40492,125,891
40431,199,892
8348,201,893
2039,475,894
14270,112,895
3978,415,896
45385,583,897
15847,241,898
47530,347,899
38849,322,900
23706,729,901
15845,536,902
35139,437,903
26803,170,904
22886,731,905
45213,463,906
47068,391,907
32649,83,908
500,251,909
12033,522,910
45674,380,911
27803,469,912
45084,354,913
35133,81,914
2567,300,915
42319,19,916
24927,347,917
32371,369,918
2385,544,919
11252,745,920
1973,104,921
42915,90,922
13036,470,923
7795,420,924
49086,249,925
18617,572,926
34965,264,927
31512,548,928
11827,538,929
22410,440,930
30644,602,931
23075,780,932
16594,730,933
11753,237,934
1774,737,935
11982,546,936
19112,736,937
36216,765,938
49599,525,939
44793,709,940
3706,472,941
9196,207,942
1388,467,943
40256,432,944
7318,255,945
32147,112,946
8355,560,947
43116,283,948
34792,85,949
11594,116,950
41998,239,951
35033,92,952
38218,416,953
23616,108,954
36344,351,955
1237,701,956
18052,793,957
6786,627,958
471,660,959
1770,622,960
38117,393,961
34894,80,962
28663,653,963
33477,421,964
33748,302,965
31276,482,966
24268,284,967
6515,281,968
26801,289,969
31650,258,970
7551,541,971
40439,174,972
33677,329,973
14272,139,974
1518,407,975
17248,234,976
38412,737,977
46064,275,978
26024,205,979
21225,110,980
24743,587,981
37632,184,982
41927,304,983
29016,345,984
36484,298,985
26517,504,986
12471,577,987
8685,400,988
6614,712,989
36675,459,990
36020,454,991
43404,142,992
45470,725,993
49541,460,994
28159,9,995
729,275,996
20826,312,997
42907,139,998
12708,325,999
25494,657,1000
28267,482,1001
7535,612,1002
25662,460,1003
15896,478,1004
3026,72,1005
45239,760,1006
43708,495,1007
4848,266,1008
23172,648,1009
40684,147,1010
42102,151,1011
28028,455,1012
11680,573,1013
43651,636,1014
17650,774,1015
4663,376,1016
30170,169,1017
6686,101,1018
22444,769,1019
33691,34,1020
39286,39,1021
32410,620,1022
22608,269,1023
25581,558,1024
34652,107,1025
9166,707,1026
14791,705,1027
33850,130,1028
26476,563,1029
41718,268,1030
21780,715,1031
28881,347,1032
18293,756,1033
15007,413,1034
8047,795,1035
38782,726,1036
5846,407,1037
7320,47,1038
36434,611,1039
49213,460,1040
40467,540,1041
22066,225,1042
30849,692,1043
16061,504,1044
49318,651,1045
37077,74,1046
3440,153,1047
8123,482,1048
7968,209,1049
20239,152,1050
34057,591,1051
46087,47,1052
40321,30,1053
4388,338,1054
42546,662,1055
20071,308,1056
1032,387,1057
259,133,1058
14961,102,1059
2335,84,1060
19950,292,1061
29656,696,1062
35510,371,1063
14620,238,1064
33999,599,1065
40955,484,1066
42644,567,1067
46281,369,1068
17419,207,1069
39715,677,1070
21546,86,1071
49120,73,1072
16893,204,1073
49600,374,1074
951,169,1075
37523,699,1076
37647,30,1077
9846,218,1078
20761,670,1079
46932,482,1080
22497,174,1081
21952,651,1082
6732,185,1083
31227,465,1084
18021,461,1085
38280,276,1086
20776,280,1087
41840,254,1088
12078,382,1089
40170,154,1090
39401,551,1091
48162,290,1092
19408,301,1093
17124,166,1094
49713,35,1095
1436,637,1096
6916,353,1097
2534,466,1098
47167,514,1099
16756,375,1100
2115,363,1101
23674,233,1102
37810,147,1103
18491,109,1104
36038,190,1105
13859,361,1106
20266,613,1107
12642,264,1108
5199,552,1109
7747,429,1110
14397,165,1111
10520,647,1112
46285,362,1113
47714,458,1114
37092,179,1115
43461,193,1116
46551,568,1117
11462,700,1118
30913,756,1119
28224,700,1120
8124,191,1121
24441,442,1122
43713,551,1123
47654,512,1124
4881,549,1125
39145,3,1126
38362,686,1127
30034,615,1128
22746,123,1129
5364,510,1130
7690,581,1131
3356,100,1132
17572,619,1133
3508,83,1134
3987,470,1135
10172,604,1136
13551,772,1137
27562,409,1138
29710,139,1139
16090,432,1140
36445,137,1141
18432,329,1142
5570,353,1143
15485,393,1144
16175,333,1145
4843,793,1146
5790,550,1147
7150,12,1148
5685,110,1149
39532,596,1150
36136,683,1151
45041,388,1152
29674,189,1153
19097,305,1154
42846,288,1155
35418,528,1156
23565,567,1157
35075,44,1158
48439,193,1159
2097,495,1160
33408,700,1161
44351,285,1162
6982,313,1163
17199,750,1164
7921,361,1165
43760,633,1166
6319,685,1167
3511,569,1168
17905,267,1169
20036,446,1170
41076,552,1171
49114,199,1172
39136,57,1173
40305,181,1174
25249,405,1175
22883,28,1176
42715,95,1177
29537,212,1178
19412,422,1179
44363,425,1180
43149,701,1181
38581,449,1182
6981,294,1183
20441,567,1184
44142,445,1185
4930,445,1186
19135,710,1187
28667,16,1188
15009,123,1189
48139,700,1190
7311,244,1191
27750,61,1192
1968,584,1193
35787,522,1194
20916,182,1195
35201,278,1196
7613,706,1197
782,65,1198
37827,700,1199
31706,575,1200
11920,329,1201
27392,513,1202
25218,206,1203
29746,545,1204
30686,329,1205
33292,421,1206
9544,300,1207
13728,25,1208
1406,687,1209
8284,778,1210
2539,243,1211
33489,591,1212
45047,144,1213
33633,29,1214
40802,55,1215
3003,476,1216
19776,99,1217
45533,621,1218
24101,538,1219
10713,155,1220
23222,470,1221
11979,590,1222
43193,140,1223
20501,261,1224
47041,695,1225
46555,293,1226
13810,394,1227
5663,670,1228
19798,255,1229
13331,585,1230
30999,93,1231
27967,380,1232
39975,4,1233
29330,14,1234
36056,193,1235
7853,478,1236
37859,257,1237
18966,170,1238
2192,319,1239
404,504,1240
20571,272,1241
49917,191,1242
1202,80,1243
34452,756,1244
32965,438,1245
30399,426,1246
7655,563,1247
42252,492,1248
10115,557,1249
43617,452,1250
34703,325,1251
17838,788,1252
48991,638,1253
39541,380,1254
42204,572,1255
10171,113,1256
7008,121,1257
15396,37,1258
34433,402,1259
36314,719,1260
22403,227,1261
22433,785,1262
30888,114,1263
45515,630,1264
6972,636,1265
45621,618,1266
47457,523,1267
15387,156,1268
16608,320,1269
43485,785,1270
46617,699,1271
5684,724,1272
23132,678,1273
1986,245,1274
38794,429,1275
23719,378,1276
19526,323,1277
9004,637,1278
34511,353,1279
42774,332,1280
10888,250,1281
13824,589,1282
29400,7,1283
48385,770,1284
1292,364,1285
19858,115,1286
46493,375,1287
39561,135,1288
1113,152,1289
15445,344,1290
38396,554,1291
2872,184,1292
45416,122,1293
16587,198,1294
8442,134,1295
31688,704,1296
46236,64,1297
10962,179,1298
9867,91,1299
32812,705,1300
21823,175,1301
6874,151,1302
40475,210,1303
2774,4,1304
13350,634,1305
29453,426,1306
13213,622,1307
12317,706,1308
15809,17,1309
45048,729,1310
18937,649,1311
12231,174,1312
10203,456,1313
41226,395,1314
31478,46,1315
4502,281,1316
18724,374,1317
19352,748,1318
42805,415,1319
46388,503,1320
34571,570,1321
3907,280,1322
34053,417,1323
14035,136,1324
8954,667,1325
5384,394,1326
42008,742,1327
7217,659,1328
4599,754,1329
37792,494,1330
21644,337,1331
25565,446,1332
33072,620,1333
30702,532,1334
23763,222,1335
41163,523,1336
30576,1,1337
8756,368,1338
25457,435,1339
23580,648,1340
2170,248,1341
28331,548,1342
29555,642,1343
29738,636,1344
16397,49,1345
19602,735,1346
32379,435,1347
13023,50,1348
11530,729,1349
13378,160,1350
38982,786,1351
28105,18,1352
3135,666,1353
47836,489,1354
48333,684,1355
9506,172,1356
9331,352,1357
23059,663,1358
35685,520,1359
16215,649,1360
16151,352,1361
40216,386,1362
8,565,1363
24134,685,1364
30162,407,1365
26072,308,1366
19011,43,1367
45588,327,1368
42176,652,1369
17054,348,1370
23181,600,1371
2344,247,1372
12052,648,1373
38308,760,1374
4834,630,1375
33670,427,1376
21478,521,1377
11788,532,1378
35169,733,1379
46004,383,1380
23867,188,1381
32051,408,1382
13209,251,1383
23019,176,1384
24510,602,1385
28521,796,1386
24025,201,1387
21794,582,1388
28761,18,1389
40182,721,1390
35159,471,1391
12238,196,1392
38376,174,1393
40077,452,1394
29172,38,1395
16255,358,1396
29056,498,1397
23586,507,1398
47409,630,1399
5879,784,1400
4035,95,1401
1179,312,1402
5021,553,1403
2242,220,1404
3341,536,1405
3667,471,1406
48654,797,1407
14546,47,1408
12945,580,1409
34135,663,1410
4959,62,1411
35766,200,1412
49224,694,1413
10829,358,1414
40399,227,1415
19716,479,1416
19441,739,1417
18555,186,1418
19027,584,1419
18857,170,1420
7011,357,1421
40159,186,1422
10741,799,1423
29231,769,1424
49394,587,1425
12419,671,1426
24174,188,1427
2283,9,1428
35869,669,1429
41820,259,1430
32724,685,1431
6094,214,1432
10125,40,1433
34882,668,1434
37431,441,1435
30321,543,1436
23355,99,1437
35865,344,1438
4908,711,1439
7267,1,1440
24723,665,1441
10449,253,1442
30512,210,1443
9876,76,1444
6586,48,1445
42817,453,1446
32808,270,1447
22271,591,1448
45924,466,1449
2680,417,1450
18087,418,1451
45742,730,1452
1502,627,1453
47183,242,1454
41190,784,1455
8413,202,1456
48937,437,1457
14499,123,1458
27850,143,1459
12839,313,1460
46765,290,1461
166,473,1462
19230,416,1463
41107,604,1464
45331,31,1465
31510,164,1466
37564,581,1467
5911,119,1468
26279,558,1469
666,388,1470
48821,428,1471
30840,47,1472
2524,572,1473
46976,342,1474
25368,696,1475
4638,471,1476
22825,508,1477
39494,51,1478
48800,800,1479
22175,623,1480
4426,750,1481
34599,439,1482
25681,146,1483
20869,584,1484
11914,784,1485
47752,302,1486
15890,384,1487
4140,500,1488
23799,643,1489
17918,610,1490
19096,664,1491
45905,151,1492
25896,91,1493
18821,203,1494
42288,385,1495
45695,674,1496
20667,343,1497
30108,529,1498
35866,188,1499
7623,209,1500
34473,462,1501
33256,317,1502
10290,39,1503
7152,229,1504
23105,22,1505
1735,139,1506
23964,593,1507
38846,284,1508
11187,418,1509
27733,162,1510
1104,94,1511
37860,328,1512
3193,684,1513
34109,555,1514
49631,559,1515
22370,651,1516
48916,789,1517
40390,721,1518
8890,233,1519
4469,611,1520
26191,740,1521
41535,262,1522
49881,567,1523
41685,630,1524
33454,319,1525
16822,101,1526
33604,486,1527
11421,539,1528
11470,691,1529
44936,410,1530
28883,442,1531
37900,669,1532
49075,450,1533
46020,204,1534
48029,387,1535
4546,375,1536
1070,737,1537
26127,601,1538
19604,659,1539
7813,216,1540
32722,749,1541
29938,697,1542
2152,450,1543
15470,796,1544
32196,692,1545
40111,463,1546
14544,516,1547
37464,567,1548
17078,563,1549
1964,455,1550
33465,556,1551
460,633,1552
34483,493,1553
37594,280,1554
22322,218,1555
31087,750,1556
36233,276,1557
9784,386,1558
12538,45,1559
9080,580,1560
6067,101,1561
6059,160,1562
3275,279,1563
29484,83,1564
30176,318,1565
15664,369,1566
47450,203,1567
19329,597,1568
1851,334,1569
42853,31,1570
10693,335,1571
44516,326,1572
27114,279,1573
15246,125,1574
10857,472,1575
13583,681,1576
45038,729,1577
23575,407,1578
34787,164,1579
35732,220,1580
33446,663,1581
44461,542,1582
19907,39,1583
40996,552,1584
41613,704,1585
36320,775,1586
46952,390,1587
36238,662,1588
24123,695,1589
9360,763,1590
24330,377,1591
40322,236,1592
29111,193,1593
31800,505,1594
46154,610,1595
37843,122,1596
32781,719,1597
9908,510,1598
9529,249,1599
18265,763,1600
688,751,1601
37722,228,1602
16765,623,1603
35666,44,1604
33463,531,1605
27887,677,1606
47446,278,1607
16573,781,1608
27444,423,1609
47858,202,1610
37320,692,1611
40931,48,1612
10358,49,1613
5484,484,1614
36636,42,1615
31760,186,1616
38963,10,1617
28229,715,1618
6431,178,1619
23909,460,1620
0,516,1621
9772,200,1622
17869,600,1623
17173,186,1624
16508,240,1625
1884,312,1626
28531,42,1627
16986,576,1628
23619,652,1629
6677,4,1630
6482,165,1631
16747,580,1632
18689,561,1633
42454,197,1634
47142,73,1635
44812,310,1636
36406,111,1637
5789,103,1638
15132,263,1639
16740,128,1640
934,699,1641
25257,342,1642
31844,350,1643
40526,157,1644
9401,525,1645
41484,326,1646
30969,515,1647
16435,79,1648
16913,115,1649
26897,91,1650
48827,45,1651
15969,92,1652
15944,33,1653
43526,727,1654
9352,62,1655
38929,751,1656
30316,453,1657
39288,274,1658
16439,220,1659
2747,554,1660
45347,663,1661
2251,349,1662
40100,142,1663
37524,206,1664
10639,668,1665
28099,124,1666
6746,558,1667
38891,483,1668
40300,552,1669
29278,789,1670
30611,189,1671
1987,538,1672
40279,436,1673
14105,51,1674
7456,794,1675
20829,342,1676
42033,767,1677
22718,681,1678
19654,728,1679
41554,683,1680
3935,712,1681
28888,244,1682
42900,741,1683
34148,455,1684
38225,169,1685
35874,610,1686
29964,612,1687
22615,131,1688
6505,334,1689
21681,174,1690
37805,138,1691
28049,517,1692
8582,559,1693
4404,467,1694
11641,387,1695
32620,308,1696
35368,406,1697
17391,228,1698
46620,122,1699
45247,479,1700
13080,781,1701
39308,734,1702
16246,455,1703
26449,303,1704
28402,769,1705
36679,385,1706
31971,124,1707
818,239,1708
1478,607,1709
3854,649,1710
18474,415,1711
36174,199,1712
561,562,1713
37371,647,1714
21218,140,1715
18463,302,1716
40674,406,1717
11773,82,1718
35536,122,1719
47506,588,1720
6622,596,1721
45103,177,1722
43293,647,1723
3488,413,1724
28536,25,1725
40698,169,1726
35009,724,1727
14009,761,1728
31531,165,1729
10647,759,1730
581,718,1731
28593,285,1732
19996,542,1733
5278,789,1734
47234,100,1735
41220,797,1736
25415,615,1737
28218,747,1738
44219,45,1739
42575,498,1740
19737,564,1741
49208,640,1742
32166,519,1743
44884,324,1744
8737,747,1745
22706,203,1746
31933,169,1747
23507,169,1748
11210,364,1749
41583,316,1750
35432,87,1751
3961,693,1752
32068,293,1753
6092,221,1754
47097,695,1755
27454,93,1756
27466,46,1757
8012,744,1758
14661,749,1759
11625,612,1760
2390,750,1761
49999,20,1762
38728,405,1763
30804,78,1764
33865,314,1765
40112,647,1766
42871,672,1767
4664,37,1768
35647,468,1769
17634,743,1770
18107,79,1771
34307,651,1772
8001,50,1773
30664,317,1774
2980,238,1775
1094,364,1776
6200,262,1777
4310,390,1778
26520,293,1779
43901,425,1780
3483,346,1781
40443,470,1782
9650,326,1783
41149,275,1784
28829,383,1785
38673,565,1786
4700,61,1787
17861,261,1788
2476,348,1789
32641,777,1790
42847,211,1791
41336,146,1792
27769,128,1793
17867,711,1794
36782,16,1795
36948,394,1796
955,668,1797
8641,541,1798
3532,89,1799
21320,31,1800
32046,593,1801
19877,85,1802
9456,468,1803
11707,429,1804
13546,10,1805
20951,730,1806
2911,170,1807
21014,560,1808
9122,354,1809
29132,757,1810
13544,758,1811
25871,629,1812
14008,723,1813
36961,156,1814
38969,672,1815
32140,87,1816
44584,777,1817
1534,280,1818
20520,530,1819
7357,465,1820
6411,653,1821
12971,329,1822
10211,310,1823
6796,782,1824
42996,572,1825
43597,766,1826
32497,101,1827
32480,554,1828
34802,444,1829
30651,209,1830
33788,275,1831
46795,138,1832
48371,101,1833
37385,217,1834
11129,492,1835
28445,260,1836
2935,9,1837
48804,50,1838
2629,88,1839
21123,55,1840
8911,466,1841
29291,466,1842
16874,336,1843
29829,583,1844
28721,142,1845
42663,281,1846
10775,678,1847
38510,456,1848
46863,208,1849
23905,423,1850
8957,369,1851
39176,54,1852
41910,465,1853
43059,555,1854
47482,128,1855
20137,107,1856
2889,472,1857
25071,508,1858
18726,222,1859
44174,24,1860
49214,753,1861
8776,685,1862
37054,170,1863
9841,724,1864
3427,273,1865
33745,420,1866
23519,730,1867
32438,694,1868
1756,277,1869
27486,384,1870
48580,193,1871
35329,713,1872
34201,406,1873
20950,770,1874
25978,103,1875
40889,336,1876
7843,757,1877
28554,699,1878
21120,526,1879
44389,604,1880
42421,340,1881
7579,118,1882
12384,794,1883
15968,402,1884
14100,490,1885
26373,642,1886
12320,1,1887
33391,588,1888
29288,563,1889
20903,565,1890
27032,574,1891
27938,675,1892
20407,680,1893
16998,755,1894
38221,29,1895
8261,89,1896
45036,616,1897
17943,9,1898
16930,727,1899
725,402,1900
20395,398,1901
5912,120,1902
29104,35,1903
3946,156,1904
44158,79,1905
45139,797,1906
46148,310,1907
12663,341,1908
40754,798,1909
46766,397,1910
31539,547,1911
49062,748,1912
48998,389,1913
22686,558,1914
5098,409,1915
18164,455,1916
27891,583,1917
25357,148,1918
33144,529,1919
27036,278,1920
45505,51,1921
28791,623,1922
22180,751,1923
11509,306,1924
48504,644,1925
13890,785,1926
42643,245,1927
5532,386,1928
34815,567,1929
42023,410,1930
20946,256,1931
15751,791,1932
25775,598,1933
47867,710,1934
48319,181,1935
6187,704,1936
29171,376,1937
9414,697,1938
14669,192,1939
43579,256,1940
24244,85,1941
5500,253,1942
34809,532,1943
25119,347,1944
14761,9,1945
3484,260,1946
35,564,1947
2442,295,1948
47869,636,1949
19219,796,1950
12873,449,1951
36416,86,1952
21261,462,1953
17310,99,1954
11904,732,1955
25854,74,1956
22688,720,1957
35613,717,1958
39796,459,1959
10082,374,1960
35514,661,1961
48771,421,1962
15760,709,1963
15681,757,1964
7122,368,1965
8165,69,1966
18997,40,1967
39995,712,1968
48704,618,1969
22476,751,1970
49263,453,1971
15789,217,1972
42301,209,1973
43007,598,1974
36363,230,1975
2726,581,1976
17612,557,1977
36023,99,1978
33090,310,1979
38085,363,1980
36911,651,1981
4760,271,1982
8771,338,1983
16524,531,1984
38776,320,1985
10790,241,1986
23381,369,1987
3985,208,1988
4632,778,1989
14870,674,1990
47639,609,1991
6302,800,1992
27027,324,1993
49330,769,1994
28376,340,1995
7241,387,1996
39451,400,1997
24151,242,1998
39831,16,1999
49653,483,2000
40171,604,2001
41662,314,2002
28560,423,2003
46484,704,2004
39102,712,2005
7478,124,2006
12345,107,2007
38578,752,2008
47593,12,2009
41787,258,2010
21079,320,2011
11021,223,2012
12518,572,2013
14765,140,2014
36700,471,2015
32715,647,2016
23422,691,2017
36939,262,2018
22312,514,2019
2559,94,2020
19775,773,2021
37343,206,2022
11824,81,2023
32526,481,2024
7460,195,2025
11734,407,2026
5609,752,2027
24132,700,2028
38995,129,2029
46948,198,2030
15200,625,2031
29971,70,2032
27704,419,2033
5496,740,2034
9539,354,2035
35379,208,2036
11040,392,2037
26961,328,2038
42289,453,2039
24530,69,2040
30535,480,2041
36112,134,2042
6975,450,2043
13382,446,2044
13585,311,2045
49339,687,2046
13463,405,2047
3845,506,2048
48338,146,2049
28891,402,2050
43545,30,2051
44015,418,2052
13343,107,2053
40192,647,2054
37989,408,2055
2118,650,2056
47437,110,2057
31261,315,2058
5239,239,2059
42606,238,2060
49709,507,2061
49144,23,2062
45363,488,2063
16267,279,2064
29902,159,2065
21637,463,2066
39941,504,2067
32835,137,2068
3260,84,2069
8190,428,2070
4547,356,2071
30282,637,2072
20397,528,2073
38356,747,2074
39011,429,2075
16062,474,2076
46497,579,2077
14076,267,2078
1497,523,2079
36070,465,2080
10283,217,2081
2110,657,2082
13667,265,2083
40935,634,2084
26302,745,2085
391,22,2086
10573,764,2087
36816,75,2088
24790,188,2089
24432,30,2090
1680,239,2091
41266,247,2092
18654,54,2093
12973,503,2094
28589,440,2095
8719,274,2096
7381,683,2097
37704,17,2098
4387,188,2099
37383,176,2100
2308,764,2101
10267,250,2102
6168,77,2103
46713,380,2104
7111,261,2105
29398,282,2106
31314,400,2107
27953,251,2108
31584,409,2109
42807,374,2110
23741,23,2111
8434,703,2112
17997,422,2113
46491,783,2114
42263,158,2115
27122,465,2116
49094,199,2117
40434,295,2118
24324,635,2119
7570,325,2120
30026,758,2121
4745,287,2122
31041,469,2123
48915,797,2124
11598,501,2125
13447,266,2126
14631,472,2127
35892,75,2128
46924,328,2129
44097,437,2130
9074,286,2131
16637,610,2132
47523,330,2133
15793,135,2134
1630,474,2135
49342,585,2136
49335,299,2137
47124,532,2138
49644,557,2139
7534,609,2140
15071,406,2141
16176,75,2142
6318,564,2143
6276,442,2144
45013,410,2145
21150,743,2146
1355,362,2147
42674,576,2148
17133,515,2149
45118,143,2150
45476,124,2151
7916,662,2152
36621,710,2153
12851,513,2154
24971,585,2155
9560,373,2156
17770,660,2157
23169,21,2158
3211,175,2159
40786,52,2160
37449,59,2161
32465,474,2162
3038,22,2163
15967,684,2164
15406,608,2165
41969,203,2166
27485,501,2167
39830,799,2168
45415,634,2169
13170,634,2170
37711,471,2171
46884,496,2172
31712,416,2173
39550,754,2174
20920,554,2175
14155,380,2176
43021,400,2177
39745,412,2178
19358,438,2179
24656,370,2180
21339,757,2181
39737,668,2182
1557,748,2183
8619,429,2184
25587,282,2185
42521,642,2186
29548,372,2187
41093,282,2188
17961,484,2189
48582,419,2190
27026,572,2191
30532,259,2192
40251,369,2193
4598,732,2194
46563,431,2195
21337,302,2196
42779,796,2197
12270,118,2198
36014,696,2199
46681,672,2200
3369,782,2201
24917,404,2202
21785,665,2203
12801,65,2204
45799,770,2205
11148,119,2206
963,423,2207
16868,216,2208
48076,547,2209
18170,756,2210
38487,398,2211
21270,79,2212
27536,511,2213
210,324,2214
41570,377,2215
42999,566,2216
22937,589,2217
42262,129,2218
30930,542,2219
30678,676,2220
23436,736,2221
26458,751,2222
32668,337,2223
32245,410,2224
10037,200,2225
23205,636,2226
38271,122,2227
40013,228,2228
45881,686,2229
38127,512,2230
12874,653,2231
44518,394,2232
1102,611,2233
40232,314,2234
6877,7,2235
1541,667,2236
43415,607,2237
17966,208,2238
3839,378,2239
29788,724,2240
36630,660,2241
37744,172,2242
20428,662,2243
8046,422,2244
41099,378,2245
31366,491,2246
2790,667,2247
18332,78,2248
9447,252,2249
39757,309,2250
20268,543,2251
32160,788,2252
25441,726,2253
32164,502,2254
39006,277,2255
34591,74,2256
17359,270,2257
1513,263,2258
48440,456,2259
20383,743,2260
9525,147,2261
22391,381,2262
20510,323,2263
37955,439,2264
39731,420,2265
22903,772,2266
4471,441,2267
48868,181,2268
20557,632,2269
25579,174,2270
31908,409,2271
33902,63,2272
42637,287,2273
46486,380,2274
37566,389,2275
7277,770,2276
41244,131,2277
48268,82,2278
45114,30,2279
46517,459,2280
12130,226,2281
32495,273,2282
14159,664,2283
23613,185,2284
41936,293,2285
21498,323,2286
13629,38,2287
10043,769,2288
2565,11,2289
22985,16,2290
18840,375,2291
32595,641,2292
18469,152,2293
9738,259,2294
4093,212,2295
48105,121,2296
49905,53,2297
34554,698,2298
33901,406,2299
6828,362,2300
49303,351,2301
38664,653,2302
38224,283,2303
29025,7,2304
10217,288,2305
37999,674,2306
11645,739,2307
11304,705,2308
9508,25,2309
12903,121,2310
1249,387,2311
45106,250,2312
30298,245,2313
8127,261,2314
15570,206,2315
24310,646,2316
24924,253,2317
8561,654,2318
9900,447,2319
25294,66,2320
46599,716,2321
33204,126,2322
23845,378,2323
36223,133,2324
37954,192,2325
2368,593,2326
28057,88,2327
46406,170,2328
36354,749,2329
11503,226,2330
49527,373,2331
23543,652,2332
2608,187,2333
46301,614,2334
13783,272,2335
17363,597,2336
17402,16,2337
15818,139,2338
30384,74,2339
23213,210,2340
33130,493,2341
3622,456,2342
44489,703,2343
40730,586,2344
20186,318,2345
19717,438,2346
6433,317,2347
44038,721,2348
27299,281,2349
46218,725,2350
13831,36,2351
41547,380,2352
40095,776,2353
25208,354,2354
44411,672,2355
38890,502,2356
36770,169,2357
35311,328,2358
30039,342,2359
39623,680,2360
26269,607,2361
30538,761,2362
14329,724,2363
48004,109,2364
5643,174,2365
22671,394,2366
25359,322,2367
45599,682,2368
45805,541,2369
8418,328,2370
45357,363,2371
4446,42,2372
26163,605,2373
9717,475,2374
38397,233,2375
4828,320,2376
20338,212,2377
16923,234,2378
47263,63,2379
15638,283,2380
15027,292,2381
8425,750,2382
9577,209,2383
45148,105,2384
29805,490,2385
5645,39,2386
563,781,2387
30988,675,2388
11780,414,2389
14490,38,2390
29363,402,2391
75,673,2392
35729,580,2393
49136,416,2394
35786,665,2395
36566,339,2396
9233,297,2397
34955,295,2398
28015,220,2399
23774,716,2400
47900,772,2401
49863,309,2402
28797,45,2403
34348,289,2404
9758,351,2405
19921,724,2406
43360,72,2407
1621,118,2408
32574,322,2409
44611,669,2410
46880,202,2411
29283,75,2412
40975,113,2413
21971,685,2414
17117,201,2415
21771,481,2416
29711,560,2417
3799,682,2418
47681,444,2419
27083,787,2420
27611,790,2421
35472,188,2422
48014,339,2423
10110,748,2424
30307,578,2425
7915,13,2426
12584,535,2427
16786,784,2428
3398,366,2429
38379,207,2430
13639,540,2431
35714,355,2432
24847,3,2433
7913,355,2434
29285,475,2435
32073,260,2436
17780,677,2437
8329,508,2438
49308,779,2439
14406,706,2440
3300,197,2441
12507,282,2442
19707,10,2443
45709,217,2444
29240,689,2445
43957,13,2446
11648,366,2447
27827,438,2448
48596,736,2449
5580,736,2450
34214,57,2451
14486,576,2452
1980,26,2453
5391,688,2454
45893,85,2455
43570,96,2456
45334,93,2457
37770,4,2458
17101,703,2459
40230,73,2460
41011,603,2461
18736,707,2462
44928,17,2463
9830,122,2464
27572,47,2465
34001,357,2466
43477,272,2467
33305,81,2468
27442,92,2469
23258,363,2470
23490,312,2471
13415,339,2472
3152,654,2473
46460,238,2474
19290,359,2475
11929,389,2476
23071,718,2477
36707,300,2478
48768,90,2479
36693,139,2480
31226,122,2481
48002,709,2482
33887,327,2483
20631,475,2484
37675,7,2485
37916,588,2486
31012,237,2487
47928,629,2488
28320,365,2489
2677,721,2490
34826,508,2491
7530,766,2492
2876,334,2493
19830,460,2494
30504,12,2495
12694,367,2496
37,123,2497
23407,756,2498
29917,143,2499
32127,243,2500
40620,336,2501
17823,274,2502
839,219,2503
32417,748,2504
49619,461,2505
1193,77,2506
36213,173,2507
24381,183,2508
16780,373,2509
1144,29,2510
28684,388,2511
15367,99,2512
38561,283,2513
46207,374,2514
24373,117,2515
16442,425,2516
29290,768,2517
37278,36,2518
5302,316,2519
6876,737,2520
32456,77,2521
28715,524,2522
44685,315,2523
15839,753,2524
35090,421,2525
8161,136,2526
45356,593,2527
33040,377,2528
2732,427,2529
48158,90,2530
44199,204,2531
37489,163,2532
17329,540,2533
27990,474,2534
49500,481,2535
37518,480,2536
34147,761,2537
20982,161,2538
47876,737,2539
20528,382,2540
19056,221,2541
31473,319,2542
32276,135,2543
32518,602,2544
42747,779,2545
46273,437,2546
47956,555,2547
39399,736,2548
40128,113,2549
31124,649,2550
12330,109,2551
35611,205,2552
7714,212,2553
20602,472,2554
3955,428,2555
11014,40,2556
29021,96,2557
23925,573,2558
8026,369,2559
28377,440,2560
23523,119,2561
17584,766,2562
41185,488,2563
15248,747,2564
40211,192,2565
21671,130,2566
15796,637,2567
49343,757,2568
26424,326,2569
38773,759,2570
7445,592,2571
7139,97,2572
26917,618,2573
10386,707,2574
43830,638,2575
37070,320,2576
18462,361,2577
21278,15,2578
27758,727,2579
6694,394,2580
48690,56,2581
4643,80,2582
25964,525,2583
44563,42,2584
82,656,2585
10309,385,2586
33250,43,2587
24701,167,2588
34800,380,2589
38426,25,2590
31309,251,2591
16469,458,2592
33415,287,2593
45467,607,2594
29627,763,2595
35736,615,2596
43995,129,2597
32671,437,2598
30238,255,2599
46341,320,2600
6355,592,2601
13197,294,2602
45814,211,2603
16049,579,2604
48306,732,2605
26228,422,2606
13678,180,2607
958,565,2608
7287,293,2609
17010,453,2610
26096,355,2611
38001,758,2612
41088,342,2613
41542,173,2614
23883,595,2615
38750,155,2616
35698,68,2617
49345,252,2618
27374,6,2619
43363,256,2620
38015,309,2621
14003,337,2622
30553,271,2623
38389,272,2624
704,774,2625
14742,496,2626
39696,217,2627
19584,158,2628
21174,588,2629
38167,452,2630
36364,549,2631
19537,493,2632
44184,334,2633
47716,605,2634
11910,525,2635
44378,374,2636
29718,586,2637
22210,704,2638
4248,716,2639
40327,606,2640
30656,687,2641
37750,574,2642
49872,198,2643
47713,48,2644
47688,422,2645
31233,317,2646
19103,380,2647
48633,327,2648
45877,670,2649
25712,39,2650
48225,310,2651
38092,93,2652
14706,310,2653
32765,49,2654
13372,593,2655
8939,502,2656
45251,552,2657
41616,49,2658
25504,36,2659
39637,500,2660
35903,133,2661
49542,206,2662
8224,190,2663
11416,267,2664
28687,634,2665
39877,699,2666
20035,237,2667
28643,268,2668
9505,346,2669
1128,751,2670
45897,164,2671
20118,362,2672
4290,171,2673
43409,693,2674
46321,112,2675
6380,88,2676
25913,321,2677
37359,200,2678
11544,9,2679
49909,751,2680
20737,568,2681
25066,784,2682
20564,92,2683
18333,696,2684
22465,293,2685
30097,233,2686
25746,16,2687
14764,358,2688
8399,587,2689
17325,151,2690
43211,169,2691
16089,626,2692
24392,138,2693
41397,127,2694
1093,472,2695
30518,566,2696
40138,742,2697
19957,110,2698
14487,527,2699
35182,800,2700
24931,262,2701
45901,735,2702
28344,579,2703
5948,335,2704
29033,682,2705
24098,662,2706
44289,42,2707
4845,363,2708
23833,293,2709
8824,456,2710
4630,555,2711
35795,357,2712
8858,250,2713
41531,71,2714
18312,758,2715
2434,757,2716
10020,550,2717
15401,777,2718
39381,246,2719
49806,613,2720
33506,256,2721
45663,321,2722
41281,709,2723
45884,724,2724
32119,701,2725
33487,354,2726
17002,505,2727
33474,495,2728
34918,646,2729
3721,724,2730
19254,777,2731
21175,556,2732
624,164,2733
38879,416,2734
39525,102,2735
39735,188,2736
28018,503,2737
5923,453,2738
22273,29,2739
26752,487,2740
30327,637,2741
38827,272,2742
11088,332,2743
40662,322,2744
1131,322,2745
9255,172,2746
20025,251,2747
10486,164,2748
37591,641,2749
22261,391,2750
47931,189,2751
18773,429,2752
49533,235,2753
34496,688,2754
9542,403,2755
35504,111,2756
9191,134,2757
25338,692,2758
30970,338,2759
42626,53,2760
12617,397,2761
4399,562,2762
40016,84,2763
26849,350,2764
20334,278,2765
21310,524,2766
3575,229,2767
44881,135,2768
22381,341,2769
49053,695,2770
8802,598,2771
38676,271,2772
3681,306,2773
22067,189,2774
7255,770,2775
16974,610,2776
46390,253,2777
27480,480,2778
2405,676,2779
41446,225,2780
10085,556,2781
2332,586,2782
29082,612,2783
16971,725,2784
6170,438,2785
7039,57,2786
25498,486,2787
25974,354,2788
27193,523,2789
44066,450,2790
7341,454,2791
38381,17,2792
2908,521,2793
31125,52,2794
2913,722,2795
19635,299,2796
25446,763,2797
46872,389,2798
37387,82,2799
9355,343,2800
21209,243,2801
8478,6,2802
6470,485,2803
49283,173,2804
13425,579,2805
14777,84,2806
983,360,2807
29886,409,2808
32710,90,2809
20568,124,2810
47598,579,2811
17973,59,2812
30766,118,2813
5594,254,2814
35011,763,2815
48183,472,2816
9561,434,2817
10932,622,2818
28843,762,2819
5220,356,2820
29351,761,2821
7583,100,2822
13857,447,2823
48117,191,2824
3136,741,2825
30479,503,2826
14415,309,2827
31363,309,2828
35277,131,2829
31876,133,2830
19178,346,2831
11523,285,2832
3605,769,2833
35068,100,2834
37028,186,2835
40059,438,2836
30185,382,2837
18471,433,2838
28447,571,2839
1076,705,2840
36879,668,2841
12586,278,2842
18792,133,2843
3821,653,2844
19231,90,2845
16654,442,2846
30751,734,2847
1723,436,2848
35999,74,2849
19591,124,2850
5962,690,2851
48416,540,2852
20858,247,2853
43877,709,2854
11193,604,2855
33038,562,2856
16035,312,2857
14472,320,2858
33834,67,2859
36172,593,2860
44853,29,2861
47799,538,2862
28704,294,2863
41511,10,2864
25603,26,2865
6161,122,2866
39736,316,2867
37116,77,2868
45206,471,2869
4841,41,2870
5627,225,2871
34330,711,2872
40813,142,2873
9481,171,2874
3744,534,2875
23793,11,2876
47628,140,2877
49011,383,2878
39781,106,2879
20462,688,2880
23772,359,2881
36988,108,2882
38954,198,2883
34447,785,2884
20866,5,2885
41012,334,2886
24631,128,2887
1374,46,2888
15832,224,2889
1486,416,2890
3417,235,2891
20565,84,2892
1627,791,2893
1977,336,2894
31078,648,2895
15891,424,2896
29677,629,2897
19318,547,2898
27908,57,2899
41301,267,2900
38037,707,2901
25380,172,2902
16603,546,2903
25461,507,2904
43810,168,2905
23895,56,2906
2496,432,2907
39944,237,2908
42952,720,2909
34829,636,2910
42509,537,2911
9363,773,2912
15881,537,2913
15826,631,2914
228,735,2915
10560,768,2916
10985,431,2917
17434,78,2918
17709,745,2919
17019,227,2920
26019,645,2921
43166,88,2922
2712,566,2923
29830,295,2924
39109,755,2925
21959,76,2926
483,444,2927
21315,568,2928
11820,787,2929
40106,677,2930
46293,351,2931
26182,116,2932
44395,182,2933
31761,337,2934
1485,77,2935
43569,419,2936
44784,760,2937
1373,406,2938
33874,503,2939
3213,153,2940
46663,452,2941
9305,717,2942
16940,607,2943
43099,508,2944
10355,83,2945
381,541,2946
32790,112,2947
33740,722,2948
39094,775,2949
15288,620,2950
3516,294,2951
24063,250,2952
38351,578,2953
22428,695,2954
2096,35,2955
28955,101,2956
36176,660,2957
31749,294,2958
13344,663,2959
48235,18,2960
17601,439,2961
8173,799,2962
42294,440,2963
11549,355,2964
27929,304,2965
48214,668,2966
49498,425,2967
14517,561,2968
48208,150,2969
21583,425,2970
44880,518,2971
3607,178,2972
25332,19,2973
21608,233,2974
42493,173,2975
11572,705,2976
43199,75,2977
9372,379,2978
45026,109,2979
44614,464,2980
38183,15,2981
15013,646,2982
13879,234,2983
27335,638,2984
38536,131,2985
7869,193,2986
17427,354,2987
19379,195,2988
22734,122,2989
3405,279,2990
543,216,2991
41816,298,2992
44075,114,2993
38130,650,2994
21485,316,2995
16396,777,2996
5743,114,2997
40843,119,2998
24391,343,2999
13784,345,3000
