ExhibitHistoryId, ExhibitId, Status, DateIncome
1,7193,'in warehouse',2020/04/15 02:28
2,2978,'for auction',2020/03/19 02:18
3,4524,'stolen',2019/06/01 04:38
4,18378,'in repair',2020/03/31 18:09
5,11965,'stolen',2019/01/16 13:46
6,18389,'in repair',2019/03/15 04:50
7,7497,'displayed in exhibition',2019/06/12 15:50
8,18181,'in warehouse',2019/01/02 15:15
9,13869,'out of order',2020/10/18 04:03
10,6999,'stolen',2020/04/21 13:13
11,6997,'displayed in exhibition',2020/11/19 21:16
12,7873,'for auction',2020/08/04 20:06
13,412,'for auction',2019/10/26 09:40
14,8313,'stolen',2019/10/19 04:20
15,3297,'in warehouse',2019/07/22 08:51
16,16042,'in repair',2021/06/21 04:35
17,5618,'for auction',2018/07/02 20:53
18,5268,'out of order',2018/03/22 17:42
19,3030,'in warehouse',2019/03/25 21:35
20,17396,'out of order',2020/02/18 23:55
21,2724,'in warehouse',2019/06/19 08:45
22,8395,'for auction',2018/12/03 09:42
23,1987,'out of order',2020/05/16 00:37
24,15512,'stolen',2019/11/07 23:37
25,8384,'for auction',2021/01/07 21:18
26,12586,'in repair',2021/05/29 12:17
27,2625,'stolen',2020/02/17 05:07
28,5902,'in warehouse',2020/09/28 08:53
29,2864,'in repair',2019/01/13 13:17
30,3339,'stolen',2021/04/06 13:34
31,19610,'out of order',2019/04/23 19:38
32,8773,'for auction',2021/08/20 11:29
33,13666,'for auction',2019/07/05 19:20
34,582,'out of order',2021/10/10 02:07
35,11642,'in warehouse',2018/11/08 18:03
36,10681,'in warehouse',2019/11/09 16:59
37,16603,'displayed in exhibition',2018/04/17 00:50
38,19527,'in warehouse',2019/10/25 09:34
39,8685,'out of order',2021/05/05 09:00
40,7566,'in warehouse',2020/01/04 16:40
41,3099,'out of order',2020/11/25 11:32
42,8605,'stolen',2019/11/16 23:08
43,19658,'in warehouse',2019/03/04 12:48
44,4405,'in repair',2019/03/23 12:05
45,7745,'out of order',2018/01/27 18:12
46,625,'displayed in exhibition',2019/03/05 21:18
47,12834,'in warehouse',2019/09/14 04:48
48,12540,'out of order',2017/11/20 00:32
49,9219,'in repair',2020/12/10 19:55
50,13647,'stolen',2020/08/11 13:01
51,12975,'stolen',2018/07/17 11:44
52,16892,'out of order',2019/09/20 10:20
53,14050,'displayed in exhibition',2019/12/22 08:03
54,19580,'for auction',2019/10/17 06:26
55,2175,'displayed in exhibition',2021/06/26 19:07
56,14364,'in warehouse',2020/01/20 06:31
57,4336,'in warehouse',2020/04/23 18:07
58,7066,'in warehouse',2019/08/10 11:49
59,827,'stolen',2021/07/08 21:01
60,19924,'in repair',2021/08/29 08:32
61,18752,'for auction',2020/06/12 01:06
62,15022,'in warehouse',2020/08/29 10:28
63,13981,'in warehouse',2019/05/01 08:51
64,16708,'displayed in exhibition',2017/12/04 01:00
65,1854,'for auction',2018/09/24 01:23
66,4238,'in repair',2019/09/14 07:55
67,4901,'out of order',2019/11/23 08:20
68,756,'in warehouse',2019/04/05 18:49
69,166,'displayed in exhibition',2019/02/11 01:27
70,10380,'in repair',2019/10/28 08:11
71,6807,'out of order',2020/04/30 02:28
72,9174,'in warehouse',2019/02/19 21:51
73,1891,'stolen',2018/09/29 11:19
74,8833,'in repair',2020/02/12 10:17
75,19101,'in repair',2019/08/12 10:56
76,32,'stolen',2018/09/12 08:25
77,9952,'in warehouse',2018/05/26 18:41
78,17473,'in repair',2021/05/24 01:54
79,10581,'stolen',2020/04/16 11:19
80,3157,'in warehouse',2018/09/10 19:19
81,4994,'in warehouse',2019/12/28 19:18
82,6679,'out of order',2017/08/31 00:38
83,9070,'for auction',2021/01/09 12:04
84,16950,'out of order',2019/10/05 15:25
85,16591,'in repair',2018/06/05 06:22
86,13080,'displayed in exhibition',2019/02/10 00:17
87,11141,'out of order',2020/09/04 14:37
88,6753,'for auction',2020/12/10 15:38
89,3980,'displayed in exhibition',2018/08/11 23:58
90,13690,'displayed in exhibition',2018/12/22 18:51
91,18543,'out of order',2020/04/30 07:34
92,5336,'for auction',2019/07/16 10:26
93,16557,'out of order',2019/06/29 15:31
94,2943,'in warehouse',2019/04/09 07:57
95,1329,'for auction',2018/03/04 06:30
96,19352,'displayed in exhibition',2018/12/14 19:11
97,886,'out of order',2018/05/14 04:19
98,12105,'for auction',2020/02/18 10:19
99,9716,'in warehouse',2022/01/11 10:50
100,14232,'for auction',2020/06/25 10:57
101,16265,'displayed in exhibition',2019/03/03 05:20
102,18853,'in repair',2020/01/27 22:59
103,7385,'in warehouse',2019/06/09 12:12
104,4993,'stolen',2018/06/02 08:06
105,15933,'in repair',2021/03/20 09:19
106,5630,'for auction',2018/01/21 00:31
107,9272,'stolen',2019/04/28 19:30
108,11313,'displayed in exhibition',2018/01/26 13:50
109,16588,'in repair',2018/12/07 11:05
110,1291,'in repair',2020/08/19 02:15
111,9622,'displayed in exhibition',2021/02/28 18:55
112,10428,'in warehouse',2019/07/10 17:47
113,19639,'in repair',2020/12/25 05:48
114,12919,'out of order',2018/09/17 03:39
115,3352,'displayed in exhibition',2021/04/06 03:45
116,14465,'for auction',2019/05/30 01:44
117,9678,'for auction',2020/08/13 15:23
118,18653,'displayed in exhibition',2019/03/11 23:34
119,14990,'in repair',2021/01/18 06:50
120,1770,'stolen',2021/01/19 06:06
121,8555,'for auction',2019/06/27 05:28
122,5026,'stolen',2019/11/15 04:03
123,7390,'in repair',2020/01/26 14:39
124,12210,'out of order',2018/05/30 19:44
125,17694,'out of order',2019/12/22 00:12
126,13940,'displayed in exhibition',2020/08/04 12:42
127,17567,'stolen',2021/01/15 16:00
128,16395,'displayed in exhibition',2019/08/26 00:39
129,599,'for auction',2019/05/24 21:01
130,9034,'out of order',2019/07/11 03:42
131,7650,'for auction',2019/04/30 23:05
132,14698,'stolen',2020/12/24 09:25
133,18955,'out of order',2018/06/25 01:11
134,3513,'in repair',2018/11/08 14:19
135,17242,'in repair',2018/11/15 10:08
136,6300,'out of order',2018/06/29 04:54
137,9908,'in warehouse',2020/10/16 19:53
138,7658,'for auction',2019/07/17 11:13
139,18488,'out of order',2020/05/15 10:39
140,2580,'for auction',2019/08/20 16:43
141,10663,'in warehouse',2019/06/06 12:13
142,10660,'out of order',2020/01/29 04:38
143,17704,'out of order',2019/11/30 22:35
144,1991,'for auction',2019/03/26 13:20
145,10382,'in warehouse',2018/04/26 16:24
146,13052,'out of order',2018/12/19 07:18
147,10572,'stolen',2020/07/19 18:51
148,4301,'for auction',2018/04/30 03:01
149,6043,'for auction',2017/11/27 17:28
150,1834,'for auction',2019/05/22 14:02
151,11515,'in warehouse',2019/11/20 20:11
152,3002,'in repair',2019/10/25 09:49
153,5749,'out of order',2018/09/07 01:59
154,12657,'displayed in exhibition',2021/03/07 03:10
155,19010,'for auction',2019/05/04 08:28
156,18145,'displayed in exhibition',2020/06/16 20:30
157,8093,'in repair',2019/10/17 03:03
158,4022,'in warehouse',2019/03/31 01:03
159,2738,'for auction',2021/10/13 12:13
160,3691,'for auction',2017/12/10 15:20
161,7419,'in warehouse',2019/02/02 04:02
162,5475,'out of order',2021/02/01 18:52
163,12193,'in repair',2020/04/25 20:50
164,19632,'in warehouse',2019/05/29 11:00
165,2710,'for auction',2019/04/10 02:54
166,8804,'in warehouse',2019/07/14 12:34
167,19791,'for auction',2020/05/03 04:33
168,9845,'out of order',2018/05/19 02:16
169,13206,'stolen',2018/04/28 19:15
170,18232,'in warehouse',2020/11/27 09:21
171,6255,'in repair',2020/06/10 02:36
172,15412,'out of order',2020/12/05 22:32
173,15629,'in repair',2021/09/26 00:09
174,2950,'out of order',2018/12/16 21:23
175,12099,'stolen',2020/06/15 10:26
176,19337,'displayed in exhibition',2019/05/28 12:07
177,6798,'in warehouse',2021/11/15 06:30
178,4300,'for auction',2021/11/03 15:56
179,12605,'in warehouse',2018/08/07 07:02
180,6816,'displayed in exhibition',2018/11/11 11:23
181,18331,'out of order',2020/07/07 00:53
182,15497,'in repair',2021/12/19 07:48
183,13669,'in repair',2019/10/09 19:57
184,4304,'stolen',2020/05/23 11:10
185,4035,'stolen',2020/06/03 07:50
186,12218,'in repair',2020/08/02 09:11
187,12237,'in warehouse',2021/05/07 11:52
188,18426,'in warehouse',2020/11/08 19:39
189,15455,'in repair',2019/04/23 10:39
190,17284,'stolen',2020/04/13 21:13
191,19897,'in warehouse',2021/04/17 16:02
192,3297,'out of order',2017/09/28 05:24
193,4458,'out of order',2019/11/28 02:51
194,10132,'out of order',2018/12/06 14:03
195,8987,'stolen',2020/03/01 17:46
196,13572,'stolen',2018/03/28 18:06
197,17802,'in warehouse',2021/05/14 23:24
198,10446,'displayed in exhibition',2018/09/08 06:22
199,10788,'stolen',2020/09/16 09:58
200,8832,'out of order',2018/03/22 07:38
201,10034,'in warehouse',2019/03/21 11:51
202,18757,'in warehouse',2020/06/03 11:45
203,6432,'for auction',2020/11/03 20:18
204,12460,'in repair',2019/10/02 10:56
205,482,'in repair',2021/10/17 06:00
206,3958,'stolen',2021/02/05 06:03
207,19719,'for auction',2020/11/10 10:12
208,1211,'out of order',2018/11/21 17:46
209,15473,'for auction',2018/12/22 20:53
210,5672,'displayed in exhibition',2020/02/29 20:09
211,2672,'in warehouse',2020/05/25 00:21
212,14639,'for auction',2020/10/25 08:19
213,4640,'in warehouse',2020/02/15 17:10
214,9647,'in repair',2018/07/18 22:09
215,9537,'out of order',2021/07/08 21:07
216,13224,'out of order',2019/10/31 16:57
217,16192,'stolen',2019/10/10 09:28
218,4793,'stolen',2019/04/17 19:37
219,15475,'stolen',2020/12/20 04:44
220,13558,'displayed in exhibition',2018/11/30 14:46
221,17175,'displayed in exhibition',2019/06/08 10:24
222,12538,'out of order',2020/01/24 09:19
223,8043,'for auction',2020/10/14 09:05
224,16048,'displayed in exhibition',2019/08/21 06:48
225,19654,'in warehouse',2018/11/04 11:15
226,12701,'displayed in exhibition',2019/04/04 21:10
227,13900,'in warehouse',2018/05/31 15:21
228,14699,'stolen',2018/09/09 06:48
229,7692,'displayed in exhibition',2018/10/22 15:12
230,12539,'for auction',2017/06/29 23:14
231,152,'in repair',2019/08/31 16:25
232,7161,'for auction',2019/03/31 08:07
233,2433,'in repair',2022/01/22 05:40
234,9211,'in repair',2020/05/28 20:30
235,11666,'for auction',2018/05/03 16:49
236,5669,'in repair',2017/12/23 23:29
237,5836,'for auction',2018/09/17 10:23
238,55,'in repair',2019/04/01 12:06
239,18412,'out of order',2017/11/15 17:35
240,5289,'for auction',2020/05/22 04:28
241,17334,'displayed in exhibition',2021/10/03 22:02
242,14318,'out of order',2020/10/22 11:57
243,5508,'out of order',2020/01/26 16:29
244,9373,'for auction',2020/06/10 05:29
245,10440,'out of order',2020/05/03 17:07
246,7098,'stolen',2021/02/28 18:57
247,7839,'out of order',2020/05/08 10:42
248,3685,'in warehouse',2020/02/03 19:54
249,9912,'displayed in exhibition',2018/10/01 05:17
250,1194,'displayed in exhibition',2018/06/21 20:56
251,17955,'for auction',2019/03/17 19:20
252,13232,'in warehouse',2020/09/22 06:45
253,3653,'in repair',2018/10/01 14:01
254,19989,'for auction',2019/01/20 01:16
255,18815,'displayed in exhibition',2020/02/11 08:32
256,18846,'displayed in exhibition',2019/12/08 12:56
257,528,'out of order',2021/10/31 16:40
258,2622,'stolen',2018/05/22 17:16
259,1809,'displayed in exhibition',2020/10/14 16:35
260,13062,'for auction',2021/09/20 13:29
261,14071,'in warehouse',2020/10/25 20:37
262,2551,'out of order',2019/05/26 07:21
263,18305,'in warehouse',2017/11/18 20:29
264,15489,'displayed in exhibition',2019/04/28 16:50
265,2986,'for auction',2019/05/15 18:39
266,346,'displayed in exhibition',2017/07/01 20:04
267,5988,'for auction',2020/11/20 13:39
268,15367,'in repair',2020/04/03 07:49
269,4942,'stolen',2020/01/17 10:38
270,5253,'in repair',2020/08/10 15:28
271,16519,'in warehouse',2017/11/15 09:56
272,9599,'out of order',2020/08/05 23:29
273,10436,'for auction',2020/11/09 10:24
274,4275,'in repair',2019/02/12 09:38
275,6106,'in warehouse',2019/06/06 05:02
276,15964,'for auction',2018/12/23 13:32
277,19050,'in repair',2019/09/28 03:25
278,16038,'stolen',2019/07/23 06:36
279,5185,'in warehouse',2021/04/16 08:32
280,11671,'displayed in exhibition',2019/12/18 19:05
281,19581,'in warehouse',2020/06/24 23:20
282,5255,'stolen',2021/03/01 11:05
283,14690,'in repair',2019/07/05 05:52
284,13727,'in repair',2019/10/06 22:03
285,15715,'stolen',2020/03/06 10:49
286,967,'in warehouse',2020/01/25 12:02
287,5023,'in repair',2020/05/01 03:23
288,9926,'for auction',2021/05/01 00:26
289,10629,'in repair',2018/10/30 03:10
290,4132,'out of order',2020/01/07 17:42
291,13609,'in warehouse',2018/01/03 15:27
292,1757,'for auction',2019/02/01 11:18
293,5197,'stolen',2020/09/23 08:38
294,19961,'in warehouse',2020/08/25 15:19
295,15106,'stolen',2020/11/05 09:39
296,17697,'out of order',2020/05/04 06:37
297,4649,'displayed in exhibition',2018/10/27 11:30
298,8303,'stolen',2020/08/07 20:48
299,8151,'stolen',2020/04/26 04:01
300,13976,'in warehouse',2020/12/06 07:04
301,18595,'in warehouse',2019/11/29 15:50
302,5191,'in repair',2020/08/12 21:53
303,4704,'stolen',2018/04/30 22:11
304,4021,'displayed in exhibition',2018/11/03 07:02
305,13570,'displayed in exhibition',2019/10/05 07:20
306,16431,'out of order',2018/05/07 03:44
307,15458,'stolen',2020/01/21 19:24
308,13694,'stolen',2019/03/24 15:00
309,6520,'in repair',2018/10/29 00:51
310,7935,'stolen',2020/02/08 06:54
311,5373,'for auction',2019/06/28 23:42
312,9064,'stolen',2019/12/16 13:33
313,4145,'in warehouse',2018/05/20 08:42
314,6605,'in warehouse',2018/01/26 01:55
315,13775,'in repair',2020/10/30 06:33
316,8631,'in repair',2019/04/05 08:33
317,11070,'for auction',2021/02/12 00:29
318,5528,'in repair',2021/05/12 11:34
319,3352,'in warehouse',2017/05/03 10:45
320,10953,'in warehouse',2021/01/01 15:36
321,9456,'in repair',2021/03/01 01:44
322,11292,'displayed in exhibition',2019/05/25 04:50
323,5026,'in repair',2019/09/19 19:15
324,12362,'in warehouse',2021/03/09 13:27
325,2037,'in warehouse',2018/08/01 04:03
326,11562,'in repair',2021/03/12 00:08
327,6848,'in warehouse',2020/01/07 19:29
328,19460,'out of order',2021/02/15 20:03
329,12948,'stolen',2018/07/05 18:28
330,1977,'out of order',2020/06/28 09:06
331,18602,'in warehouse',2019/05/21 03:06
332,16118,'in warehouse',2019/10/30 10:29
333,4947,'for auction',2021/09/28 21:08
334,7708,'displayed in exhibition',2018/09/15 00:44
335,16932,'for auction',2018/01/23 01:15
336,3386,'stolen',2021/09/26 06:13
337,7803,'for auction',2021/08/07 00:11
338,9233,'out of order',2019/09/23 04:06
339,19725,'displayed in exhibition',2020/07/15 20:11
340,6481,'for auction',2019/03/16 18:55
341,12260,'out of order',2021/11/13 04:54
342,12787,'for auction',2019/05/24 02:39
343,9772,'in repair',2018/01/23 09:28
344,16783,'in repair',2019/12/03 23:16
345,12227,'in warehouse',2021/07/05 08:31
346,17532,'in warehouse',2019/10/10 19:25
347,2963,'for auction',2019/11/20 19:37
348,4723,'out of order',2019/03/09 20:59
349,513,'out of order',2019/09/08 07:04
350,8453,'for auction',2019/10/22 09:07
351,9383,'stolen',2019/05/27 05:06
352,17939,'displayed in exhibition',2018/07/22 03:41
353,19305,'out of order',2020/10/06 17:50
354,6132,'stolen',2018/12/26 15:51
355,9089,'stolen',2019/06/30 12:15
356,365,'stolen',2018/10/21 23:26
357,4659,'in repair',2019/03/01 17:51
358,8313,'out of order',2019/08/09 05:02
359,10595,'displayed in exhibition',2020/06/23 15:44
360,117,'stolen',2019/06/27 23:17
361,17533,'stolen',2018/09/20 12:45
362,4875,'in repair',2018/11/02 03:19
363,17320,'in warehouse',2019/06/16 03:49
364,832,'displayed in exhibition',2018/06/04 02:22
365,13961,'in warehouse',2017/06/12 23:10
366,1633,'in warehouse',2020/05/16 06:15
367,6482,'stolen',2019/06/02 12:16
368,17328,'stolen',2020/01/26 07:47
369,18019,'stolen',2019/01/01 22:34
370,2328,'in warehouse',2020/11/23 09:02
371,16965,'displayed in exhibition',2017/12/13 21:54
372,11220,'stolen',2020/03/25 00:07
373,3251,'displayed in exhibition',2017/11/01 23:34
374,1337,'out of order',2020/10/09 04:08
375,16182,'for auction',2021/01/15 05:36
376,10916,'for auction',2019/11/22 11:40
377,1173,'in warehouse',2019/07/08 20:47
378,12227,'out of order',2020/02/13 11:43
379,19251,'displayed in exhibition',2020/05/03 05:47
380,9484,'displayed in exhibition',2018/10/24 20:27
381,10836,'for auction',2019/03/02 01:21
382,7146,'stolen',2020/10/24 16:11
383,4383,'for auction',2019/09/20 20:38
384,10823,'stolen',2019/01/19 00:12
385,2582,'stolen',2019/05/19 00:54
386,12311,'for auction',2019/10/15 16:52
387,1104,'out of order',2020/01/09 11:45
388,9957,'displayed in exhibition',2018/04/23 11:32
389,5608,'in repair',2018/09/28 22:00
390,17362,'stolen',2019/08/09 09:32
391,5446,'displayed in exhibition',2019/07/29 14:34
392,880,'in repair',2018/08/26 17:49
393,18318,'displayed in exhibition',2020/07/09 00:54
394,13657,'in warehouse',2020/02/25 10:06
395,5601,'out of order',2020/05/15 04:29
396,8581,'in repair',2020/09/02 04:15
397,11354,'stolen',2020/06/23 09:59
398,2621,'in warehouse',2019/07/05 13:22
399,6995,'in repair',2021/09/06 06:37
400,17687,'in repair',2018/07/13 14:35
401,18650,'for auction',2019/07/28 07:43
402,5158,'out of order',2021/01/23 01:23
403,7275,'displayed in exhibition',2021/05/05 04:40
404,10481,'in warehouse',2020/03/09 07:14
405,850,'displayed in exhibition',2020/12/24 17:07
406,13557,'for auction',2020/08/04 10:32
407,8620,'displayed in exhibition',2018/12/17 17:24
408,18592,'in repair',2019/08/15 01:22
409,9939,'displayed in exhibition',2018/06/06 07:29
410,2941,'displayed in exhibition',2019/12/07 20:38
411,3679,'in repair',2019/04/06 05:19
412,7304,'for auction',2018/10/24 05:02
413,17158,'for auction',2019/10/07 22:07
414,16137,'in warehouse',2021/10/06 08:35
415,9142,'out of order',2018/03/10 19:58
416,13780,'in warehouse',2019/10/18 06:26
417,583,'stolen',2017/11/10 09:49
418,13262,'displayed in exhibition',2019/04/18 19:55
419,12268,'for auction',2018/07/03 13:53
420,6921,'displayed in exhibition',2020/02/13 00:24
421,11155,'in warehouse',2018/09/19 18:15
422,9474,'stolen',2019/11/24 07:38
423,5483,'displayed in exhibition',2019/01/29 02:49
424,15238,'for auction',2021/01/23 19:52
425,5218,'out of order',2019/11/27 07:27
426,6569,'stolen',2021/05/02 19:19
427,16433,'in repair',2020/09/08 20:28
428,17099,'displayed in exhibition',2020/04/11 14:01
429,1919,'out of order',2020/03/30 20:12
430,16525,'out of order',2020/03/16 05:10
431,1449,'out of order',2021/03/31 13:14
432,9808,'in warehouse',2019/12/14 23:32
433,6452,'in warehouse',2020/02/29 19:38
434,11684,'stolen',2020/04/29 04:09
435,19840,'stolen',2020/11/09 15:38
436,18672,'out of order',2021/04/25 23:32
437,14342,'in repair',2019/07/22 20:17
438,9746,'displayed in exhibition',2020/02/17 20:56
439,9501,'in repair',2020/11/01 17:47
440,1989,'in warehouse',2022/01/09 13:28
441,3953,'displayed in exhibition',2020/11/13 02:00
442,5783,'in repair',2020/05/16 09:53
443,2819,'for auction',2020/02/23 23:48
444,18277,'stolen',2018/12/15 12:06
445,4335,'out of order',2020/03/21 13:10
446,2936,'displayed in exhibition',2017/07/25 23:05
447,14496,'in repair',2020/03/31 14:59
448,946,'out of order',2021/07/17 23:15
449,2723,'stolen',2020/07/16 05:21
450,17794,'displayed in exhibition',2020/04/06 20:35
451,14198,'out of order',2019/01/12 16:00
452,9103,'out of order',2018/10/21 18:51
453,14058,'out of order',2019/01/30 07:56
454,7044,'in warehouse',2021/02/11 08:14
455,15560,'displayed in exhibition',2020/11/09 22:52
456,19485,'out of order',2018/07/04 22:48
457,18527,'stolen',2019/03/27 00:07
458,15655,'in repair',2021/05/07 14:05
459,13703,'out of order',2020/02/17 07:07
460,9910,'for auction',2019/08/30 07:04
461,5194,'stolen',2017/12/05 09:23
462,132,'out of order',2020/06/05 15:13
463,11632,'stolen',2018/07/01 01:42
464,1903,'out of order',2020/10/04 15:28
465,5843,'for auction',2020/01/04 19:19
466,18872,'displayed in exhibition',2018/11/17 17:06
467,10535,'for auction',2019/12/03 06:13
468,5842,'out of order',2019/07/29 11:17
469,14171,'for auction',2019/07/01 01:20
470,8181,'displayed in exhibition',2020/09/24 09:28
471,9416,'stolen',2020/08/25 18:27
472,16229,'stolen',2020/04/21 06:36
473,13806,'out of order',2018/01/06 01:11
474,15444,'displayed in exhibition',2020/02/18 10:10
475,6420,'displayed in exhibition',2019/01/11 04:59
476,6522,'in warehouse',2019/06/10 04:28
477,4219,'in warehouse',2018/11/20 07:42
478,4404,'for auction',2020/07/25 19:33
479,12206,'in repair',2018/12/30 15:21
480,318,'for auction',2019/05/26 01:35
481,14179,'out of order',2021/02/12 19:23
482,1813,'displayed in exhibition',2018/08/05 01:45
483,3565,'in repair',2019/10/27 12:03
484,12269,'displayed in exhibition',2020/04/29 06:37
485,13299,'displayed in exhibition',2020/09/07 07:59
486,4602,'out of order',2020/02/16 06:44
487,16560,'out of order',2021/09/14 21:26
488,8086,'stolen',2020/07/30 01:51
489,12225,'displayed in exhibition',2019/01/31 08:23
490,294,'in warehouse',2020/04/20 11:19
491,17533,'out of order',2021/10/22 00:45
492,215,'out of order',2019/03/12 18:09
493,2572,'for auction',2018/09/03 23:00
494,10906,'for auction',2019/10/19 17:03
495,6771,'in warehouse',2020/11/22 04:40
496,9976,'out of order',2020/07/28 23:18
497,14151,'for auction',2018/04/22 16:31
498,14860,'for auction',2018/02/05 01:24
499,18223,'displayed in exhibition',2018/10/10 11:51
500,16820,'out of order',2019/09/16 16:01
501,7792,'in warehouse',2019/04/22 10:31
502,11320,'out of order',2019/08/28 20:48
503,8728,'stolen',2021/05/28 03:41
504,13013,'displayed in exhibition',2020/06/16 08:48
505,15565,'out of order',2020/06/09 05:52
506,12370,'displayed in exhibition',2019/07/29 06:55
507,15553,'in repair',2019/11/24 07:17
508,2629,'for auction',2021/03/30 15:37
509,12731,'for auction',2020/08/27 07:55
510,7807,'for auction',2019/08/05 09:23
511,19230,'in repair',2017/12/21 05:01
512,17139,'displayed in exhibition',2020/01/15 11:44
513,5347,'in warehouse',2018/07/15 12:05
514,5868,'in warehouse',2021/11/01 16:22
515,7982,'displayed in exhibition',2020/09/16 17:41
516,2167,'in repair',2020/02/23 16:01
517,18999,'out of order',2021/03/09 04:57
518,5633,'for auction',2019/01/04 17:20
519,17965,'for auction',2019/04/28 15:40
520,4939,'stolen',2020/03/05 03:39
521,15750,'out of order',2019/12/26 05:57
522,18973,'in warehouse',2021/01/22 14:41
523,17780,'for auction',2021/09/22 08:28
524,8519,'stolen',2019/09/28 11:33
525,707,'in repair',2019/12/27 08:39
526,504,'stolen',2019/12/31 00:23
527,13495,'displayed in exhibition',2020/09/11 19:54
528,5718,'stolen',2017/12/11 03:29
529,19115,'out of order',2017/10/21 23:25
530,19077,'stolen',2019/05/05 06:50
531,4448,'in warehouse',2019/08/24 00:25
532,6066,'in repair',2020/02/24 07:16
533,6796,'for auction',2019/12/01 20:06
534,1446,'out of order',2020/07/03 16:20
535,4223,'in warehouse',2020/09/22 19:51
536,6864,'for auction',2019/04/27 05:36
537,16863,'stolen',2020/09/08 23:25
538,3877,'in warehouse',2019/08/21 19:45
539,16965,'displayed in exhibition',2021/05/25 05:43
540,6847,'displayed in exhibition',2019/12/20 14:51
541,6303,'stolen',2019/06/13 10:41
542,7483,'stolen',2020/01/01 12:24
543,2059,'in warehouse',2019/09/23 18:10
544,4538,'displayed in exhibition',2021/04/10 01:30
545,2708,'stolen',2019/10/06 13:40
546,19587,'in warehouse',2019/06/23 00:12
547,16603,'out of order',2019/10/17 18:21
548,2290,'out of order',2021/08/31 22:00
549,2723,'in repair',2020/08/30 16:03
550,17807,'for auction',2019/04/05 09:45
551,1623,'for auction',2021/04/04 13:25
552,14194,'out of order',2020/09/16 02:09
553,1939,'out of order',2017/11/29 06:00
554,19182,'for auction',2021/03/12 19:49
555,9294,'in repair',2020/12/04 09:59
556,13561,'displayed in exhibition',2019/09/10 02:02
557,18098,'in repair',2017/06/18 03:47
558,10161,'in warehouse',2021/01/29 20:56
559,4972,'for auction',2018/12/31 01:45
560,15192,'out of order',2020/11/04 17:33
561,16752,'for auction',2020/02/28 11:58
562,1421,'displayed in exhibition',2021/01/01 15:23
563,15236,'stolen',2018/05/15 01:53
564,2405,'in warehouse',2022/02/05 11:17
565,6035,'stolen',2019/04/22 18:39
566,5064,'stolen',2018/09/07 15:42
567,6413,'for auction',2021/04/23 20:14
568,12589,'in repair',2020/12/28 15:52
569,2055,'for auction',2018/12/21 14:36
570,15807,'for auction',2018/10/02 02:21
571,4170,'in repair',2019/03/17 06:31
572,4935,'out of order',2018/10/05 19:59
573,7098,'out of order',2019/06/09 11:07
574,2466,'in warehouse',2019/10/17 10:58
575,3957,'in warehouse',2021/05/22 17:13
576,14375,'in repair',2020/09/09 17:39
577,15048,'for auction',2019/07/14 13:37
578,3007,'stolen',2018/10/10 01:53
579,9840,'out of order',2019/08/16 05:32
580,6533,'for auction',2018/10/10 01:33
581,17817,'for auction',2020/05/11 13:56
582,19093,'displayed in exhibition',2020/11/11 15:18
583,2074,'in repair',2020/01/01 19:00
584,1306,'out of order',2021/04/24 15:56
585,12120,'in warehouse',2018/08/01 00:33
586,13488,'out of order',2018/09/22 12:37
587,11031,'displayed in exhibition',2019/08/28 11:59
588,1205,'for auction',2020/01/03 20:13
589,649,'in warehouse',2020/11/10 20:09
590,15617,'in warehouse',2021/06/08 19:19
591,12745,'for auction',2017/10/22 14:28
592,14194,'in repair',2019/04/19 15:23
593,3055,'displayed in exhibition',2019/02/22 03:56
594,6912,'in warehouse',2020/07/03 00:17
595,14655,'for auction',2018/09/04 06:59
596,18427,'for auction',2019/04/14 17:06
597,19810,'in warehouse',2020/01/09 19:14
598,4639,'out of order',2018/02/18 10:09
599,19605,'out of order',2022/01/17 03:20
600,2569,'out of order',2019/04/12 03:14
601,10119,'in repair',2019/08/02 15:11
602,255,'out of order',2019/01/07 19:08
603,7697,'in warehouse',2019/03/01 11:20
604,4586,'stolen',2021/04/29 01:16
605,16401,'for auction',2020/02/21 13:03
606,3759,'in repair',2020/01/28 17:55
607,15334,'in warehouse',2019/03/15 14:38
608,3045,'in warehouse',2019/07/19 07:18
609,3761,'for auction',2019/12/09 11:18
610,3720,'in repair',2019/04/30 17:44
611,1591,'in warehouse',2019/11/24 01:25
612,12284,'stolen',2018/03/01 16:00
613,9229,'out of order',2020/08/13 07:34
614,6390,'out of order',2019/05/07 04:06
615,14498,'in warehouse',2020/02/13 23:56
616,11960,'in repair',2019/06/09 22:05
617,9568,'in warehouse',2019/08/15 10:11
618,8294,'out of order',2020/08/28 13:29
619,17129,'displayed in exhibition',2020/11/29 08:19
620,18087,'stolen',2019/10/21 17:11
621,15207,'out of order',2019/07/19 17:58
622,6738,'stolen',2018/05/28 23:33
623,2100,'in warehouse',2021/01/18 11:32
624,7320,'stolen',2020/05/12 05:00
625,14515,'for auction',2020/05/16 09:19
626,14159,'out of order',2019/03/19 10:00
627,18288,'out of order',2019/04/20 16:17
628,17570,'in repair',2020/03/14 07:30
629,2556,'in warehouse',2021/09/26 06:01
630,368,'displayed in exhibition',2021/05/16 14:16
631,18067,'in repair',2019/09/07 05:02
632,62,'stolen',2019/11/23 13:08
633,6725,'displayed in exhibition',2019/10/04 00:54
634,3531,'displayed in exhibition',2021/02/24 10:01
635,1307,'stolen',2019/05/28 20:46
636,14263,'stolen',2018/07/30 05:49
637,17564,'out of order',2018/07/10 00:25
638,6492,'stolen',2021/01/01 01:31
639,263,'for auction',2020/08/07 16:37
640,17647,'for auction',2017/11/02 21:41
641,17758,'in warehouse',2019/11/20 08:39
642,14981,'displayed in exhibition',2020/05/09 01:58
643,7892,'in warehouse',2020/09/18 09:55
644,16756,'in repair',2019/04/02 15:29
645,7270,'in warehouse',2021/07/01 01:05
646,15367,'for auction',2018/10/18 03:31
647,18030,'for auction',2020/10/29 16:06
648,18342,'displayed in exhibition',2021/04/24 00:13
649,18116,'for auction',2019/11/07 19:47
650,4708,'for auction',2017/12/23 17:57
651,2429,'stolen',2019/06/01 03:40
652,4603,'displayed in exhibition',2020/10/30 04:51
653,14965,'displayed in exhibition',2020/07/25 12:34
654,4771,'for auction',2018/12/12 10:12
655,7266,'for auction',2018/11/21 17:56
656,931,'in warehouse',2021/12/10 13:56
657,4276,'displayed in exhibition',2019/10/22 07:33
658,8150,'for auction',2019/06/02 07:44
659,3839,'out of order',2019/05/04 13:23
660,405,'out of order',2018/11/24 03:19
661,6430,'for auction',2021/02/03 19:55
662,6756,'stolen',2019/07/23 01:56
663,2294,'displayed in exhibition',2019/03/15 23:57
664,5439,'stolen',2021/05/28 02:13
665,718,'in repair',2021/03/24 12:16
666,6244,'in warehouse',2019/07/15 23:28
667,18120,'for auction',2019/05/20 23:42
668,16380,'for auction',2019/06/07 09:53
669,8544,'in repair',2019/04/02 04:03
670,5140,'out of order',2020/08/26 17:18
671,7318,'in repair',2020/04/28 21:08
672,13877,'stolen',2018/04/27 07:27
673,17925,'in repair',2021/09/10 03:50
674,10294,'in repair',2018/05/27 06:48
675,9848,'stolen',2021/03/16 04:11
676,14791,'stolen',2018/06/13 01:52
677,17599,'stolen',2018/07/05 12:34
678,17540,'in repair',2019/12/11 12:27
679,19318,'out of order',2019/07/06 10:07
680,16122,'stolen',2019/09/25 17:29
681,4882,'out of order',2020/08/24 13:37
682,13582,'in repair',2018/04/05 12:27
683,19205,'in repair',2019/09/27 15:30
684,17070,'displayed in exhibition',2021/01/06 18:13
685,18789,'stolen',2018/10/02 23:55
686,19181,'displayed in exhibition',2020/07/10 14:40
687,14868,'out of order',2019/10/28 11:36
688,1579,'for auction',2019/03/24 21:11
689,18630,'in warehouse',2019/11/29 05:58
690,1397,'in repair',2021/08/10 01:42
691,18654,'in warehouse',2018/12/29 04:50
692,11718,'displayed in exhibition',2017/11/21 20:55
693,5599,'in repair',2018/04/08 10:11
694,12116,'in repair',2018/01/26 08:27
695,15552,'out of order',2019/12/26 14:32
696,5633,'for auction',2019/08/16 15:59
697,17576,'for auction',2019/02/23 00:46
698,18681,'stolen',2020/06/02 16:44
699,14921,'out of order',2019/09/22 10:18
700,6872,'in repair',2019/03/17 13:34
701,17321,'stolen',2020/01/19 19:05
702,13363,'for auction',2019/07/18 22:58
703,17728,'stolen',2018/12/21 23:43
704,2760,'out of order',2020/11/07 03:04
705,11933,'in warehouse',2020/08/26 14:39
706,6341,'displayed in exhibition',2019/08/09 10:09
707,12019,'in warehouse',2019/07/08 15:59
708,12435,'out of order',2020/02/02 04:04
709,7115,'stolen',2021/02/07 11:37
710,2325,'in repair',2019/02/13 23:45
711,2631,'out of order',2020/01/24 07:58
712,12046,'out of order',2018/04/30 01:11
713,19217,'displayed in exhibition',2021/08/21 13:49
714,3519,'out of order',2018/10/06 00:42
715,15887,'in repair',2021/10/23 20:50
716,14437,'out of order',2019/05/28 14:02
717,4395,'in repair',2020/10/18 17:53
718,3476,'displayed in exhibition',2021/09/11 22:30
719,3413,'stolen',2020/01/31 00:51
720,19119,'in repair',2019/08/12 17:56
721,5919,'out of order',2021/10/14 02:29
722,1479,'in repair',2021/08/17 08:55
723,15752,'displayed in exhibition',2018/11/14 10:45
724,3859,'for auction',2021/03/28 01:00
725,2353,'in warehouse',2020/02/09 10:32
726,9780,'out of order',2018/12/27 10:26
727,843,'displayed in exhibition',2019/11/15 17:25
728,1180,'displayed in exhibition',2021/04/12 02:02
729,11070,'out of order',2020/03/14 23:17
730,1172,'for auction',2019/05/28 08:35
731,2917,'stolen',2019/10/15 15:52
732,6899,'out of order',2020/12/15 02:16
733,13159,'for auction',2019/07/05 02:50
734,13323,'out of order',2019/07/05 09:39
735,2337,'in warehouse',2019/04/06 22:57
736,12716,'stolen',2019/09/01 12:28
737,19697,'for auction',2019/01/23 09:24
738,11400,'in warehouse',2019/12/14 22:18
739,10767,'for auction',2020/06/13 12:14
740,8134,'stolen',2019/11/07 04:08
741,7649,'in warehouse',2020/04/17 23:19
742,11516,'stolen',2018/08/18 17:13
743,6732,'stolen',2019/09/01 10:57
744,15365,'in warehouse',2020/04/27 18:26
745,10578,'in warehouse',2018/10/21 00:45
746,9716,'out of order',2021/08/13 22:36
747,6035,'in warehouse',2020/03/28 04:33
748,18713,'in repair',2018/05/10 07:32
749,15317,'out of order',2018/10/28 16:11
750,13139,'in warehouse',2017/07/16 02:34
751,18244,'in warehouse',2017/12/27 10:03
752,6457,'stolen',2018/05/30 11:38
753,4602,'displayed in exhibition',2019/02/11 03:57
754,11660,'for auction',2020/03/22 03:23
755,13877,'in warehouse',2018/10/20 01:40
756,2929,'stolen',2018/12/07 02:11
757,19319,'out of order',2020/01/27 09:16
758,3959,'in warehouse',2018/01/21 19:07
759,3164,'stolen',2021/10/17 08:12
760,5065,'displayed in exhibition',2021/04/03 00:44
761,9040,'in warehouse',2021/04/08 00:47
762,2033,'out of order',2021/02/05 06:12
763,18068,'stolen',2020/04/11 22:18
764,4761,'stolen',2019/02/21 06:59
765,17652,'displayed in exhibition',2018/11/01 20:55
766,2988,'displayed in exhibition',2019/11/05 01:38
767,9751,'for auction',2019/04/24 21:08
768,6532,'displayed in exhibition',2021/10/17 03:25
769,2006,'for auction',2018/10/30 09:25
770,6723,'stolen',2020/05/31 13:36
771,4153,'for auction',2018/12/21 04:13
772,4416,'stolen',2021/12/15 21:29
773,10662,'in repair',2019/12/05 23:52
774,9004,'for auction',2019/02/20 04:32
775,18949,'stolen',2019/10/30 16:42
776,19137,'out of order',2018/02/16 08:42
777,5395,'out of order',2018/11/02 08:40
778,8911,'in warehouse',2019/04/16 01:42
779,4571,'stolen',2020/02/17 13:27
780,16733,'in repair',2021/07/07 10:04
781,9922,'in repair',2019/03/19 10:00
782,1976,'in repair',2020/09/27 12:19
783,16997,'for auction',2019/11/17 17:29
784,12304,'stolen',2018/05/31 01:20
785,17421,'for auction',2019/11/22 17:14
786,3936,'stolen',2021/01/22 09:48
787,13803,'for auction',2019/01/07 01:27
788,6401,'displayed in exhibition',2021/06/09 04:00
789,10023,'in repair',2019/11/01 05:10
790,4624,'for auction',2020/02/26 11:09
791,13257,'stolen',2018/11/12 11:08
792,6032,'displayed in exhibition',2020/08/04 06:37
793,1272,'out of order',2019/07/14 19:58
794,1665,'for auction',2018/05/07 06:26
795,11509,'in repair',2019/10/05 22:16
796,6393,'for auction',2021/05/01 01:03
797,8491,'out of order',2019/12/04 04:09
798,10487,'stolen',2018/04/18 06:24
799,3862,'in repair',2019/04/22 04:42
800,19179,'displayed in exhibition',2019/08/12 12:14
801,16579,'stolen',2018/08/19 13:53
802,8454,'stolen',2021/03/23 23:45
803,16516,'stolen',2019/01/10 07:22
804,5734,'displayed in exhibition',2018/06/18 19:03
805,2491,'stolen',2021/10/31 21:28
806,6087,'stolen',2018/03/30 03:35
807,13996,'in repair',2019/08/21 02:09
808,13126,'in repair',2018/10/27 00:20
809,4144,'for auction',2019/09/13 04:41
810,2603,'displayed in exhibition',2019/02/01 13:07
811,16858,'displayed in exhibition',2019/04/16 05:40
812,7928,'in repair',2020/05/17 01:56
813,4509,'in warehouse',2020/11/12 22:25
814,11313,'in warehouse',2018/05/07 06:13
815,1335,'displayed in exhibition',2021/03/22 18:19
816,3312,'in repair',2019/03/18 09:46
817,10568,'stolen',2019/04/13 13:50
818,12830,'stolen',2019/05/21 03:52
819,19112,'in repair',2020/01/21 18:18
820,8560,'out of order',2018/09/20 05:19
821,8274,'for auction',2019/05/20 06:16
822,6018,'stolen',2020/03/20 18:50
823,3739,'in repair',2019/11/27 20:08
824,14562,'displayed in exhibition',2018/11/27 20:50
825,9184,'displayed in exhibition',2021/06/26 09:05
826,3404,'in repair',2020/07/12 01:05
827,10530,'in warehouse',2020/07/11 09:43
828,18528,'displayed in exhibition',2020/07/05 09:00
829,5478,'in repair',2019/12/23 03:04
830,17063,'for auction',2020/05/07 13:18
831,13780,'in repair',2019/10/16 02:22
832,19523,'in warehouse',2019/09/17 14:45
833,11948,'for auction',2020/03/19 03:11
834,17752,'in warehouse',2021/10/12 03:03
835,7945,'for auction',2019/05/04 10:07
836,12197,'stolen',2020/10/24 05:39
837,16530,'for auction',2022/02/07 16:23
838,1324,'for auction',2019/05/07 06:30
839,17979,'stolen',2019/08/02 20:54
840,10675,'stolen',2020/04/23 08:29
841,7067,'for auction',2019/12/23 08:16
842,9511,'in warehouse',2020/08/09 13:40
843,10511,'displayed in exhibition',2020/12/03 14:30
844,18670,'stolen',2018/09/04 11:40
845,2648,'displayed in exhibition',2019/12/15 21:05
846,11616,'stolen',2020/01/14 13:58
847,5642,'in warehouse',2019/06/22 10:03
848,6699,'out of order',2019/08/08 20:32
849,17680,'for auction',2019/01/05 14:35
850,15157,'in warehouse',2020/08/24 02:49
851,17631,'in repair',2020/02/03 17:36
852,14755,'displayed in exhibition',2019/08/16 23:47
853,10783,'in repair',2018/11/07 04:00
854,19928,'out of order',2020/01/08 05:26
855,3085,'in repair',2020/02/24 03:23
856,16288,'in warehouse',2018/04/21 17:35
857,18297,'for auction',2019/04/24 08:17
858,12732,'displayed in exhibition',2018/03/16 06:04
859,14024,'stolen',2021/10/19 19:36
860,11296,'for auction',2019/01/14 22:15
861,16122,'in warehouse',2019/05/19 03:42
862,12937,'stolen',2017/11/07 02:38
863,2213,'stolen',2019/04/14 21:55
864,9463,'in repair',2021/07/21 00:56
865,6766,'in warehouse',2020/08/30 06:19
866,12003,'stolen',2018/05/15 04:28
867,16903,'in repair',2019/09/09 02:37
868,1686,'in repair',2018/08/26 21:07
869,8719,'in repair',2019/07/03 08:21
870,14409,'out of order',2019/04/23 10:16
871,8517,'for auction',2018/01/08 11:16
872,9727,'for auction',2020/02/11 18:35
873,10295,'in warehouse',2018/08/20 18:20
874,18421,'in warehouse',2019/04/01 10:07
875,10713,'for auction',2019/05/17 01:35
876,1228,'out of order',2020/09/20 11:43
877,5838,'out of order',2020/07/21 20:36
878,15981,'displayed in exhibition',2021/01/23 05:08
879,8534,'in warehouse',2018/06/20 10:20
880,5472,'stolen',2019/05/23 10:57
881,5545,'displayed in exhibition',2019/08/01 11:07
882,16130,'out of order',2019/11/30 03:52
883,17861,'for auction',2021/02/02 16:37
884,13437,'displayed in exhibition',2019/03/06 13:31
885,16444,'stolen',2020/05/10 09:36
886,7144,'displayed in exhibition',2019/07/21 22:45
887,2666,'for auction',2020/07/17 18:04
888,16828,'stolen',2020/08/11 00:38
889,5588,'displayed in exhibition',2021/07/13 01:04
890,14674,'in warehouse',2019/09/06 03:12
891,9607,'stolen',2018/11/11 03:06
892,10749,'out of order',2017/12/20 12:23
893,1872,'in warehouse',2019/07/26 04:10
894,2018,'stolen',2019/10/14 13:01
895,2553,'stolen',2020/12/01 15:26
896,16651,'for auction',2019/08/23 03:23
897,12148,'out of order',2019/11/30 23:10
898,249,'for auction',2020/07/18 12:41
899,9740,'in repair',2020/05/26 10:53
900,13085,'out of order',2020/09/01 02:23
901,10542,'stolen',2020/12/31 13:49
902,14284,'displayed in exhibition',2019/06/27 01:14
903,525,'displayed in exhibition',2020/10/12 01:51
904,82,'for auction',2018/04/23 20:25
905,8968,'stolen',2020/05/18 17:37
906,6332,'displayed in exhibition',2020/03/31 22:08
907,9671,'in warehouse',2018/07/04 13:30
908,9597,'stolen',2021/04/20 16:26
909,9122,'displayed in exhibition',2019/03/02 15:48
910,13030,'out of order',2020/07/09 07:13
911,15567,'stolen',2018/06/24 15:43
912,3175,'in repair',2020/02/06 02:14
913,16492,'in repair',2020/02/05 13:20
914,18938,'displayed in exhibition',2019/03/10 12:28
915,9295,'in repair',2019/02/21 10:06
916,6442,'out of order',2020/10/01 01:42
917,18075,'in repair',2019/07/02 08:32
918,16350,'displayed in exhibition',2020/11/20 12:07
919,14279,'out of order',2020/09/02 14:17
920,9441,'for auction',2020/10/18 09:36
921,12909,'for auction',2019/07/14 01:16
922,5492,'stolen',2020/12/23 23:27
923,16483,'in repair',2020/01/12 05:00
924,2096,'displayed in exhibition',2020/03/25 17:03
925,7569,'displayed in exhibition',2020/12/27 04:43
926,2920,'displayed in exhibition',2018/09/12 03:08
927,4241,'stolen',2020/10/08 03:36
928,5421,'for auction',2017/12/20 12:41
929,1286,'displayed in exhibition',2019/12/08 07:10
930,1437,'in repair',2019/04/22 02:46
931,3190,'in warehouse',2019/03/20 23:05
932,9643,'in warehouse',2020/05/15 22:23
933,9582,'in repair',2018/12/22 12:29
934,12116,'out of order',2019/11/21 10:37
935,6847,'for auction',2021/04/14 20:13
936,1746,'in repair',2019/05/27 10:21
937,10413,'in repair',2020/03/30 02:28
938,2266,'for auction',2018/09/18 18:54
939,6703,'in warehouse',2019/06/19 04:57
940,17893,'in warehouse',2019/05/30 23:01
941,19821,'for auction',2019/10/15 14:04
942,17725,'stolen',2020/09/20 04:18
943,1088,'in repair',2019/04/04 18:01
944,8189,'displayed in exhibition',2019/12/25 18:08
945,12167,'in repair',2019/06/14 19:11
946,12184,'stolen',2019/07/27 13:17
947,4369,'in repair',2019/06/23 22:18
948,182,'stolen',2019/01/17 22:32
949,18019,'in repair',2019/11/07 17:20
950,17141,'out of order',2019/11/07 05:50
951,10085,'out of order',2021/04/29 01:12
952,14771,'in repair',2020/02/12 12:13
953,4653,'stolen',2020/03/25 15:20
954,7990,'in repair',2017/10/02 10:00
955,13398,'in repair',2019/04/01 10:37
956,16854,'for auction',2018/12/01 14:33
957,18387,'stolen',2019/01/20 03:05
958,15433,'in warehouse',2020/04/21 13:16
959,4879,'for auction',2021/11/20 23:38
960,15228,'for auction',2020/01/26 00:44
961,15954,'in repair',2018/11/05 10:07
962,2262,'out of order',2019/01/28 22:06
963,15848,'for auction',2018/09/20 14:52
964,2879,'in repair',2018/11/09 02:25
965,5153,'for auction',2021/06/01 18:02
966,5821,'in warehouse',2019/02/15 04:19
967,15444,'stolen',2021/01/10 05:11
968,15147,'in repair',2021/02/21 12:17
969,3174,'for auction',2019/10/21 17:12
970,16098,'for auction',2020/01/01 19:10
971,5141,'displayed in exhibition',2019/12/01 00:07
972,5447,'in repair',2019/05/10 10:48
973,15232,'for auction',2020/07/28 17:32
974,1159,'in warehouse',2019/07/21 03:54
975,15549,'out of order',2020/01/13 21:11
976,11404,'in warehouse',2020/02/12 19:57
977,5859,'for auction',2019/12/03 19:32
978,7058,'in warehouse',2020/05/25 08:56
979,5565,'stolen',2019/02/21 17:39
980,17394,'stolen',2020/09/09 17:27
981,12069,'in warehouse',2019/11/06 11:55
982,534,'in repair',2020/01/12 15:27
983,9768,'in warehouse',2017/12/24 18:17
984,9223,'in warehouse',2019/12/23 03:56
985,10944,'in warehouse',2019/08/15 02:44
986,7585,'for auction',2020/07/21 06:56
987,11376,'displayed in exhibition',2019/04/25 16:39
988,12669,'in warehouse',2020/08/04 02:09
989,9260,'in warehouse',2019/03/28 18:47
990,10674,'in warehouse',2019/03/19 04:58
991,17095,'for auction',2020/06/11 11:15
992,16247,'in repair',2017/11/12 10:05
993,1044,'in repair',2019/11/29 23:21
994,19195,'for auction',2020/04/17 03:33
995,13482,'in warehouse',2020/05/09 03:09
996,1967,'displayed in exhibition',2018/03/08 12:01
997,12849,'stolen',2019/08/14 00:15
998,7000,'displayed in exhibition',2020/05/31 05:58
999,5533,'stolen',2018/10/13 14:22
1000,17965,'for auction',2018/12/18 04:33
